S. No,Website,Page Title,Status,Specific Observation,Customer Impact,Recommended Solution,Evidence (detected on site),Note
1,https://inman-roofing.com,Inman Roofing Services,ok,Inman Roofing & Contracting Services does not have an online booking option for clients to schedule services directly through their website.,This absence can lead to missed opportunities for potential customers who prefer a quick and easy way to secure appointments without having to make a phone call. It may also increase the workload for staff managing incoming calls for service requests.,Implement an online booking system to enable clients to schedule roofing services conveniently.,online booking / scheduling: no; phone number visible: yes; contact form: no; prices shown ($ amounts): no; reviews or testimonials on site: yes; live chat / text widget: no; financing offered: no; 24/7 or emergency service: no,
2,https://loughmanbuilders.com,,UNREACHABLE,,,,,page.goto: net::ERR_CONNECTION_TIMED_OUT at https://loughmanbuilders.com/
3,https://sdinspection.com,Home Inspections San Diego - Inspection Perfection,ok,The website does not provide detailed descriptions or prices for its home inspection services.,"Prospective customers may find it difficult to understand what specific services are available or how much they will cost, potentially leading them to seek information elsewhere or delay booking.",Create a comprehensive service list with detailed descriptions and transparent pricing to improve customer clarity and encourage bookings.,online booking / scheduling: no; phone number visible: yes; contact form: no; prices shown ($ amounts): no; reviews or testimonials on site: no; live chat / text widget: no; financing offered: yes; 24/7 or emergency service: no,
4,https://upstateprofessionalcontracting.com,,UNREACHABLE,,,,,page.goto: net::ERR_NAME_NOT_RESOLVED at https://upstateprofessionalcontracting.com/
5,https://alamoheatingandair.com,"Alamo Heating & Air Conditioning, Air Conditioner & Furnace Repair & Service | San Antonio, TX 78247",ok,The website does not provide a clear list of prices for its services.,"Prospective customers may find it difficult to assess the affordability of services before contacting the business, potentially leading to hesitation in making inquiries.",Implement a pricing page or clear pricing information for services on the website.,online booking / scheduling: yes (Request Service); phone number visible: yes; contact form: yes; prices shown ($ amounts): no; reviews or testimonials on site: yes; live chat / text widget: no; financing offered: yes; 24/7 or emergency service: yes,
6,https://watermenplumbing.com,"Experienced and Professional Plumber in Boca Raton, FL",ok,The website does not provide a clear service list with descriptions or prices for the plumbing services offered.,"Potential customers may find it difficult to understand what specific services are available or at what costs, which could lead them to hesitate in reaching out for help.",Create a detailed service list with descriptions and pricing to enhance transparency and assist customers in making informed decisions.,online booking / scheduling: yes (housecallpro); phone number visible: yes; contact form: no; prices shown ($ amounts): no; reviews or testimonials on site: yes; live chat / text widget: no; financing offered: yes; 24/7 or emergency service: yes,
7,https://hvacpenguin.com,AC Repair Turlock CA | Air Conditioning Repair Service | HVAC Penguin,ok,"The website mentions that HVAC Penguin offers 24/7 emergency AC repair services in Turlock, Modesto, and Ceres.","This availability can provide peace of mind to customers who may face sudden AC failures, particularly during hot weather. It encourages potential clients to choose HVAC Penguin for their urgent HVAC needs, knowing help is just a phone call away.",We would implement an automated reminder system for service follow-ups to keep customers engaged and informed after their emergency requests.,online booking / scheduling: yes (Get a free estimate); phone number visible: yes; contact form: yes; prices shown ($ amounts): yes; reviews or testimonials on site: yes; live chat / text widget: no; financing offered: yes; 24/7 or emergency service: yes,
8,https://cloudcomforthvac.com,"HVAC & Plumbing in Torrance, CA | Cloud Comfort HVAC",ok,The website highlights a 1-Year Daikin Comfort Promise satisfaction guarantee for their services.,"This guarantee provides reassurance to prospective customers about the quality of service they can expect, which may increase their willingness to choose this business for HVAC needs. Customers may feel more secure knowing that their satisfaction is prioritized.",Feature this satisfaction guarantee prominently on the homepage to enhance customer trust and encourage bookings.,online booking / scheduling: yes (scheduler.); phone number visible: yes; contact form: no; prices shown ($ amounts): yes; reviews or testimonials on site: yes; live chat / text widget: yes (chat-widget); financing offered: yes; 24/7 or emergency service: yes,
9,https://sunlandpc.com,Plumbing Heating and Cooling | SPCHAC,ok,"The website mentions providing free HVAC quotes and second opinions, but it does not list any prices for its services.","Potential customers may be unsure about the cost of services, leading to hesitation in making a service request. Without pricing information, they might seek estimates from competitors instead.",We would create a clear pricing structure on the website to improve transparency and encourage more inquiries.,online booking / scheduling: yes (Request Service); phone number visible: no; contact form: no; prices shown ($ amounts): no; reviews or testimonials on site: yes; live chat / text widget: no; financing offered: no; 24/7 or emergency service: no,
10,https://barriosroofing.com,Barrios Roofing & Waterproofing,ok,"Barrios Roofing & Waterproofing states that it responds to emergencies like storm damage within hours, highlighting its quick response time for urgent repairs.","This promise may attract customers who need immediate assistance, ensuring their properties are protected from further damage during emergencies. However, the lack of a detailed online service list may leave potential clients unclear about specific offerings.","We would enhance the clarity of their service offerings by creating a detailed, organized service page that outlines each type of roofing service and associated pricing.",online booking / scheduling: yes (GET A QUOTE); phone number visible: yes; contact form: no; prices shown ($ amounts): yes; reviews or testimonials on site: yes; live chat / text widget: no; financing offered: yes; 24/7 or emergency service: yes,
11,https://silverbackweb.com,Country Blocked,NEEDS_REVIEW,,,,,"Page couldn't be read (bot check, or almost no text) — check by hand"
12,https://hanniganroofing.com,"Roofing Services in Plymouth, MA | Hannigan Roofing",ok,The website does not provide clear pricing information for the roofing services offered.,Prospective customers may find it difficult to assess whether they can afford the services or to make informed decisions about which services to request without knowing the costs involved.,We would develop a pricing page that clearly outlines service costs to enhance transparency and aid customer decision-making.,online booking / scheduling: yes (Get a Free Quote); phone number visible: yes; contact form: yes; prices shown ($ amounts): no; reviews or testimonials on site: yes; live chat / text widget: no; financing offered: yes; 24/7 or emergency service: no,
13,https://pacificprideroofing.com,Pacific Pride Roofing | Residential & Commercial Roof replacement in Snohomish & King Counties,ok,"The website does not display prices for roofing services, which may leave potential customers uncertain about costs.","Without clear pricing, customers may hesitate to request estimates, leading to fewer inquiries and potential business loss. Customers might also rely on guesswork about their roofing budget.",Create a detailed pricing page to outline service costs and options clearly.,online booking / scheduling: yes (Request Service); phone number visible: yes; contact form: yes; prices shown ($ amounts): no; reviews or testimonials on site: yes; live chat / text widget: no; financing offered: no; 24/7 or emergency service: no,
14,https://firstresponseroofingaz.com,First Response Roofing | Your Trusted Roofing Company,ok,First Response Roofing AZ does not provide an online booking or scheduling option on their website.,"This may lead potential customers to hesitate or choose competitors who offer easier ways to schedule appointments. It can also result in lost business opportunities, especially during emergencies where quick service is needed.",Implement an online booking flow to streamline the appointment scheduling process for customers.,online booking / scheduling: no; phone number visible: yes; contact form: yes; prices shown ($ amounts): no; reviews or testimonials on site: yes; live chat / text widget: no; financing offered: no; 24/7 or emergency service: yes,
15,https://brookings-roofing.com,"Roofing Company - Brookings Roofing: Brooking, SD",ok,"The website provides an option for customers to get a free estimate for roofing services, but it does not display any prices for the services offered.","Potential customers may find it difficult to gauge the affordability of the services and could hesitate to reach out for a quote, leading to lost business opportunities.",Add a clear pricing structure or price range for services on the website to improve transparency and encourage more inquiries.,online booking / scheduling: yes (Get a Free Estimate); phone number visible: yes; contact form: yes; prices shown ($ amounts): no; reviews or testimonials on site: yes; live chat / text widget: no; financing offered: no; 24/7 or emergency service: no,
16,https://southendplumbingllc.com,Charlotte Plumbers - Local Plumbing Services - 25+ Years,ok,The website states that South End Plumbing provides '100% satisfaction guaranteed' for their services.,This guarantee can help build trust with potential customers who may be hesitant to hire a plumbing service. It signals a commitment to quality and customer care.,Highlight this guarantee prominently on the homepage and include it in customer follow-up communications to reinforce trust.,online booking / scheduling: yes (BOOK ONLINE); phone number visible: yes; contact form: no; prices shown ($ amounts): yes; reviews or testimonials on site: yes; live chat / text widget: no; financing offered: yes; 24/7 or emergency service: yes,
17,https://rollinghillsroof.com,Rolling Hills Roofing | Moscow & Pullman Area Roofers,ok,"The website does not provide specific prices for services offered, such as roof replacements.","Prospective customers may find it difficult to budget for their roofing projects without clear pricing, potentially leading to abandoned inquiries or delayed decisions.",We would create a service pricing page to clearly list prices for roof replacement and other services.,online booking / scheduling: no; phone number visible: yes; contact form: yes; prices shown ($ amounts): no; reviews or testimonials on site: yes; live chat / text widget: no; financing offered: no; 24/7 or emergency service: no,
18,https://hlhroofing.com,"HLH Roofing, Inc. | Roofing Services",ok,The HLH Roofing website does not display prices for its roofing services.,Potential customers may be unsure about the affordability of services and could look elsewhere for clearer pricing information. This lack of transparency might deter them from reaching out for a quote.,We would create a detailed service pricing page to improve transparency and assist customers in making informed decisions.,online booking / scheduling: yes (GET A FREE ESTIMATE); phone number visible: yes; contact form: yes; prices shown ($ amounts): no; reviews or testimonials on site: yes; live chat / text widget: yes (podium); financing offered: yes; 24/7 or emergency service: yes,
19,https://crossoverroofing.com,,UNREACHABLE,,,,,page.goto: net::ERR_NAME_NOT_RESOLVED at https://crossoverroofing.com/
20,https://harborcityplumbers.com,"Harbor City Plumbing | plumber near me | 3860 County Highway H, Port Washington, WI, USA",ok,The website does not provide any pricing information for its plumbing services.,"This lack of pricing details may lead potential customers to hesitate in contacting the business, as they cannot gauge whether the services fit their budget. It may also result in lost leads to competitors who display their prices upfront.",Create a comprehensive service page that includes clear pricing for all plumbing services offered.,online booking / scheduling: yes (Schedule An Appointment); phone number visible: yes; contact form: yes; prices shown ($ amounts): no; reviews or testimonials on site: yes; live chat / text widget: yes (chat-widget); financing offered: no; 24/7 or emergency service: yes,
21,https://thunderstruckrr.com,"Roofing Services | Wilmington, Delaware | Thunderstruck Roofing & Restoration",ok,Thunderstruck Roofing & Restoration does not provide specific prices for their roofing and siding services on their website.,"Potential customers may hesitate to reach out for a quote without knowing the price range, which could lead to fewer inquiries and estimates.",We would create a pricing page or include starting prices on the service descriptions to make it easier for customers to understand costs upfront.,online booking / scheduling: yes (GET A QUOTE); phone number visible: yes; contact form: yes; prices shown ($ amounts): no; reviews or testimonials on site: yes; live chat / text widget: no; financing offered: yes; 24/7 or emergency service: yes,
22,https://garzasupply.com,Garza Supply | Chicago Garza Roofing & Supply Company,ok,Garza Supply does not display any reviews or testimonials on its website.,"Potential customers cannot gauge the experience or satisfaction of past clients, which may hinder their decision-making process. Without testimonials, the business may lack credibility and trustworthiness in a competitive market.",Implement a review-request automation to encourage satisfied customers to share their experiences online.,online booking / scheduling: no; phone number visible: yes; contact form: yes; prices shown ($ amounts): yes; reviews or testimonials on site: no; live chat / text widget: no; financing offered: no; 24/7 or emergency service: no,
23,https://balticroofing.com,Home | Baltic Roofing,ok,Baltic Roofing specializes exclusively in single-family homes and offers a Satisfaction-First Guarantee that requires no financial risk upfront.,"This specialization assures homeowners that they will receive tailored services instead of a one-size-fits-all approach, which can enhance their trust in the quality of work. The guarantee may reduce hesitation from potential clients who worry about upfront costs and risks.",Highlight this unique selling proposition on the website and optimize the service descriptions to enhance customer understanding and engagement.,online booking / scheduling: yes (REQUEST SERVICE); phone number visible: yes; contact form: yes; prices shown ($ amounts): yes; reviews or testimonials on site: yes; live chat / text widget: no; financing offered: yes; 24/7 or emergency service: no,
24,https://pureplumbingservice.com,"Plumber | Austin, Texas | Pure Plumbing Service LLC",ok,The website does not offer online booking or scheduling options for plumbing services.,"This lack of online booking may frustrate potential customers who prefer to schedule services quickly and easily without making a phone call. It can lead to missed opportunities, especially during emergencies when immediate service is needed.",Implement an online booking system to allow customers to schedule plumbing services directly through the website.,online booking / scheduling: no; phone number visible: yes; contact form: no; prices shown ($ amounts): no; reviews or testimonials on site: yes; live chat / text widget: no; financing offered: no; 24/7 or emergency service: yes,
25,https://jimsinc.com,"JIM'S Inc. Plumbing, Heating/Cooling, and more! 301-926-3499",ok,JIM'S Inc. provides a $98 service call fee for initial estimates that can be waived if the customer proceeds with the work.,"Potential customers may be hesitant to contact the business due to the upfront fee for quotes, limiting engagement before work begins. This could lead to fewer appointments if customers are unsure about costs before receiving service.",We would implement an online booking system that includes a clear explanation of the fee structure to improve customer understanding and encourage bookings.,online booking / scheduling: yes (schedule an appointment); phone number visible: yes; contact form: no; prices shown ($ amounts): yes; reviews or testimonials on site: yes; live chat / text widget: no; financing offered: no; 24/7 or emergency service: yes,
26,https://majorroofingok.com,Major Roofing Oklahoma City | Roof Repair & Replacement OKC,ok,The website does not provide any prices for roofing services.,"Without visible pricing, potential customers may hesitate to reach out for quotes, leading to a longer decision-making process and possibly losing leads to competitors with transparent pricing.",Create a dedicated pricing page to clearly outline service costs and enhance customer trust.,online booking / scheduling: yes (Get a Quote); phone number visible: yes; contact form: yes; prices shown ($ amounts): no; reviews or testimonials on site: yes; live chat / text widget: no; financing offered: yes; 24/7 or emergency service: yes,
27,https://bellumroofing.com,Bellum Roofing – Roofing Experts,ok,The Bellum Roofing website does not display customer reviews or testimonials.,"Without visible reviews, potential clients may lack confidence in the quality of services offered, making them less likely to engage. This can result in a lower conversion rate for inquiries.",Implement a review-request automation to gather and showcase customer testimonials on the website.,online booking / scheduling: yes (Get Quote); phone number visible: no; contact form: no; prices shown ($ amounts): yes; reviews or testimonials on site: no; live chat / text widget: no; financing offered: yes; 24/7 or emergency service: no,
28,https://acornroofingsupply.com,Roofing Supply Stores | SRS Distribution,ok,The website does not display any prices or detailed descriptions of the products available at SRS Distribution.,"Potential customers may be uncertain about the costs and options, leading to hesitation in making a purchase decision. This lack of transparency could decrease overall sales.",Create a detailed product pricing list and descriptions on the website to inform customers and facilitate their purchasing process.,online booking / scheduling: no; phone number visible: yes; contact form: no; prices shown ($ amounts): no; reviews or testimonials on site: no; live chat / text widget: no; financing offered: no; 24/7 or emergency service: no,
29,https://callscurfield.com,"Electric, Heating, & Solar for Humboldt County",ok,The website does not include any prices for the services offered.,"Potential customers may hesitate to request a quote without understanding the cost range for services, leading to fewer inquiries and potential sales. This lack of transparency can create uncertainty among visitors.",Implement a pricing page or display service prices directly within the service listings.,online booking / scheduling: yes (Get a Quote); phone number visible: yes; contact form: yes; prices shown ($ amounts): no; reviews or testimonials on site: yes; live chat / text widget: no; financing offered: no; 24/7 or emergency service: no,
30,https://finchroofconsulting.com,503 Service Temporarily Unavailable,NEEDS_REVIEW,,,,,"Page couldn't be read (bot check, or almost no text) — check by hand"
31,https://highestroofing.com,"Professional Roofing, Siding, & Guttering in Harrisonburg, Staunton, Waynesboro, VA | Highest Roofing & Exteriors",ok,"The website does not display any prices for the roofing, siding, and guttering services offered.","Prospective customers may find it difficult to gauge the affordability of services, which could lead to hesitation in requesting quotes or scheduling consultations.",We would create a detailed pricing page that outlines service costs to provide clarity and encourage engagement.,online booking / scheduling: yes (Get a Free Quote); phone number visible: yes; contact form: yes; prices shown ($ amounts): no; reviews or testimonials on site: yes; live chat / text widget: yes (chat-widget); financing offered: yes; 24/7 or emergency service: no,
32,https://frontenac.construction,Home - Professional Roofing & Construction | Frontenac MO |,ok,The website does not provide a clear list of prices for its roofing and construction services.,"Potential customers may hesitate to engage with the business due to uncertainty about costs, leading to lost inquiries and potential projects. Without transparent pricing, it can be challenging to build trust and convert visitors into clients.",Create and display a detailed service list with associated prices on the website.,online booking / scheduling: yes (Get a Quote); phone number visible: yes; contact form: no; prices shown ($ amounts): no; reviews or testimonials on site: yes; live chat / text widget: no; financing offered: yes; 24/7 or emergency service: no,
33,https://premieroftn.com,Premier Plumbing – Plumbing Company In Memphis,ok,"While Premier Plumbing offers various plumbing services, the website does not provide any prices for these services.","This lack of pricing information may make potential customers hesitant to reach out, as they cannot gauge the cost of services upfront. It could also lead to increased calls for quotes instead of online bookings.",We would recommend adding a transparent pricing page or pricing details for specific services to improve customer confidence and streamline the booking process.,online booking / scheduling: yes (Schedule Service); phone number visible: yes; contact form: yes; prices shown ($ amounts): no; reviews or testimonials on site: yes; live chat / text widget: no; financing offered: no; 24/7 or emergency service: yes,
34,https://accurateleaklocators.com,Accurate Leak Locators and Plumbing - 24/7 Emergency Plumbers,ok,Accurate Leak Locators and Plumbing does not have an online booking or scheduling system available on their website.,"This means customers cannot easily schedule appointments at their convenience, potentially leading to delayed service for urgent plumbing issues. Prospective customers may choose other providers who offer a simpler booking process.",Implement an online booking system to streamline appointment scheduling for customers.,online booking / scheduling: no; phone number visible: yes; contact form: yes; prices shown ($ amounts): yes; reviews or testimonials on site: no; live chat / text widget: no; financing offered: no; 24/7 or emergency service: yes,
35,https://silverliningroofing.com,"Roofing Contractor | Roof Repair | Roof Replacement - Meridian, ID",ok,The website does not provide a clear pricing list for its roofing services.,"Potential customers may hesitate to engage with the business without understanding costs upfront, which could lead to lost inquiries or estimates.",Create a detailed service page that includes pricing information for different roofing options.,online booking / scheduling: yes (GET A FREE ESTIMATE); phone number visible: yes; contact form: no; prices shown ($ amounts): no; reviews or testimonials on site: yes; live chat / text widget: no; financing offered: yes; 24/7 or emergency service: yes,
36,https://luxuryreservice.com,Fox Hill Luxury Real Estate Services,ok,"Fox Hill Luxury Real Estate Services specializes in preparing homes for sale and offers complete property maintenance services, including carpentry and deep cleaning.","Potential clients looking to sell their homes can benefit from the company's expertise in home preparation, which may lead to quicker sales and higher property value. However, without clear prices listed on all services, customers might hesitate to reach out for quotes.",We would enhance the website by providing detailed service descriptions and clear pricing for transparency.,online booking / scheduling: yes (getjobber); phone number visible: yes; contact form: yes; prices shown ($ amounts): yes; reviews or testimonials on site: yes; live chat / text widget: yes (podium); financing offered: no; 24/7 or emergency service: yes,
37,https://welterhomeservices.com,"Handyman Services in Mount Prospect, IL | Welter Home Services",ok,The website does not display any prices for services offered by Welter Home Services.,Potential customers may hesitate to request estimates if they cannot gauge the affordability of the services. This lack of pricing information can lead to uncertainty and abandoned inquiries.,We would implement a pricing page or service cost breakdown to provide transparency and assist potential customers in making informed decisions.,online booking / scheduling: yes (Get Estimate); phone number visible: yes; contact form: no; prices shown ($ amounts): no; reviews or testimonials on site: yes; live chat / text widget: yes (intercom); financing offered: no; 24/7 or emergency service: no,
38,https://aircarenm.com,HVAC Services in Albuquerque | Air Care New Mexico,ok,Air Care New Mexico does not provide online booking or scheduling options for HVAC services on their website.,"Without online booking, potential customers may find it inconvenient to schedule service, leading to missed opportunities for the business. Customers might prefer competitors that offer simpler scheduling methods.",Implement an online booking system to streamline appointment scheduling and improve customer convenience.,online booking / scheduling: no; phone number visible: no; contact form: no; prices shown ($ amounts): yes; reviews or testimonials on site: yes; live chat / text widget: no; financing offered: yes; 24/7 or emergency service: no,
39,https://myppplumbing.com,"Reliable Plumbing Contractor in Visalia, CA",ok,The website for Parker & Parker Plumbing does not display any customer reviews or testimonials.,"Without visible reviews, potential customers may hesitate to choose their services, as they lack social proof of past customer satisfaction. This could lead to fewer inquiries and bookings.","We would implement a review-request automation system to encourage satisfied customers to leave feedback, which can then be showcased on the website.",online booking / scheduling: yes (fieldedge); phone number visible: yes; contact form: no; prices shown ($ amounts): no; reviews or testimonials on site: no; live chat / text widget: no; financing offered: no; 24/7 or emergency service: yes,
40,https://evernewroofing.com,EverNew Roofing: Save Up to 80% vs. Roof Replacement Costs,ok,EverNew Roofing does not provide any pricing information on their website.,"Potential customers may hesitate to inquire about services if they cannot see any prices upfront, which could lead to lost leads. Lack of transparency around costs can create uncertainty about the value of the services offered.",Implement a clear pricing page or a quote estimation tool on the website to inform customers about costs.,online booking / scheduling: no; phone number visible: yes; contact form: yes; prices shown ($ amounts): no; reviews or testimonials on site: yes; live chat / text widget: no; financing offered: no; 24/7 or emergency service: yes,
41,https://hendersonslodi.com,Attention Required! | Cloudflare,ok,"The website is inaccessible due to a security block, preventing potential customers from obtaining any service information or contacting the business.","Customers who attempt to visit the website will be unable to learn about the business or book services, which could lead to a loss of potential revenue. This also creates a barrier to communication, as there is no way for clients to reach out.",Resolve the website access issue to restore visibility and functionality for potential customers.,online booking / scheduling: no; phone number visible: no; contact form: no; prices shown ($ amounts): no; reviews or testimonials on site: no; live chat / text widget: no; financing offered: no; 24/7 or emergency service: no,
42,https://mountaintopmetalroofing.com,Oregon & Washington’s Trusted Metal Roofing Experts | Mountaintop Metal Roofing,ok,"The website provides names and descriptions of specific metal roofing products, including standing seam panels and aluminum shingles, but does not include any pricing information for these services.",This lack of pricing information can lead to confusion for potential customers who are comparing options and trying to budget for their roofing projects. Customers may hesitate to reach out for a quote if they cannot estimate costs.,We would integrate a transparent pricing section on the website to help customers understand potential costs upfront.,"online booking / scheduling: yes (GET A FREE QUOTE); phone number visible: yes; contact form: yes; prices shown ($ amounts): no; reviews or testimonials on site: yes; live chat / text widget: yes (hubspot:before{content:""\f3b2""}.fa-deploydog:before{content:""\f38e""}.fa-twitch:before{content:""\f1e8""}.fa-flutter:before{content:""\e694""}.fa-ravelry:before{content:""\f2d9""}.fa-mixer:before{content:""\e056""}.fa-lastfm-square:before,.fa-square-lastfm:before{content:""\f203""}.fa-vimeo:before{content:""\f40a""}.fa-mendeley:before{content:""\f7b3""}.fa-uniregistry:before{content:""\f404""}.fa-figma:before{content:""\f799""}.fa-creative-commons-remix:before{content:""\f4ee""}.fa-cc-amazon-pay:before{content:""\f42d""}.fa-dropbox:before{content:""\f16b""}.fa-instagram:before{content:""\f16d""}.fa-cmplid:before{content:""\e360""}.fa-upwork:before{content:""\e641""}.fa-facebook:before{content:""\f09a""}.fa-gripfire:before{content:""\f3ac""}.fa-jedi-order:before{content:""\f50e""}.fa-uikit:before{content:""\f403""}.fa-fort-awesome-alt:before{content:""\f3a3""}.fa-phabricator:before{content:""\f3db""}.fa-ussunnah:before{content:""\f407""}.fa-earlybirds:before{content:""\f39a""}.fa-trade-federation:before{content:""\f513""}.fa-autoprefixer:before{content:""\f41c""}.fa-whatsapp:before{content:""\f232""}.fa-square-upwork:before{content:""\e67c""}.fa-slideshare:before{content:""\f1e7""}.fa-google-play:before{content:""\f3ab""}.fa-viadeo:before{content:""\f2a9""}.fa-line:before{content:""\f3c0""}.fa-google-drive:before{content:""\f3aa""}.fa-servicestack:before{content:""\f3ec""}.fa-simplybuilt:before{content:""\f215""}.fa-bitbucket:before{content:""\f171""}.fa-imdb:before{content:""\f2d8""}.fa-deezer:before{content:""\e077""}.fa-raspberry-pi:before{content:""\f7bb""}.fa-jira:before{content:""\f7b1""}.fa-docker:before{content:""\f395""}.fa-screenpal:before{content:""\e570""}.fa-bluetooth:before{content:""\f293""}.fa-gitter:before{content:""\f426""}.fa-d-and-d:before{content:""\f38d""}.fa-microblog:before{content:""\e01a""}.fa-cc-diners-club:before{content:""\f24c""}.fa-gg-circle:before{content:""\f261""}.fa-pied-piper-hat:before{content:""\f4e5""}.fa-kickstarter-k:before{content:""\f3bc""}.fa-yandex:before{content:""\f413""}.fa-readme:before{content:""\f4d5""}.fa-html5:before{content:""\f13b""}.fa-sellsy:before{content:""\f213""}.fa-square-web-awesome:before{content:""\e683""}.fa-sass:before{content:""\f41e""}.fa-wirsindhandwerk:before,.fa-wsh:before{content:""\e2d0""}.fa-buromobelexperte:before{content:""\f37f""}.fa-salesforce:before{content:""\f83b""}.fa-octopus-deploy:before{content:""\e082""}.fa-medapps:before{content:""\f3c6""}.fa-ns8:before{content:""\f3d5""}.fa-pinterest-p:before{content:""\f231""}.fa-apper:before{content:""\f371""}.fa-fort-awesome:before{content:""\f286""}.fa-waze:before{content:""\f83f""}.fa-bluesky:before{content:""\e671""}.fa-cc-jcb:before{content:""\f24b""}.fa-snapchat-ghost:before,.fa-snapchat); financing offered: no; 24/7 or emergency service: no",
43,https://shortyshvac.com,Attention Required! | Cloudflare,ok,The website shortyshvac.com is currently inaccessible due to a security block implemented by Cloudflare.,"Potential customers cannot access any information about the business, including services or contact details, which may lead to loss of inquiries and appointments.",Resolve the website access issue and implement an online booking system to facilitate customer interactions.,online booking / scheduling: no; phone number visible: no; contact form: no; prices shown ($ amounts): no; reviews or testimonials on site: no; live chat / text widget: no; financing offered: no; 24/7 or emergency service: no,
44,https://suffolkplumbinginc.com,Attention Required! | Cloudflare,ok,The website does not provide any visible phone number or contact form for potential customers to reach out.,"Without a way to contact the business, prospective customers may become frustrated and abandon their search for plumbing services, leading to lost opportunities.",Implement a contact form and display a visible phone number on the website.,online booking / scheduling: no; phone number visible: no; contact form: no; prices shown ($ amounts): no; reviews or testimonials on site: no; live chat / text widget: no; financing offered: no; 24/7 or emergency service: no,
45,https://yssupply.com,"YS Plumbing Supply | Pipes, Valves, Fittings | Youngstown, OH",ok,There is no online booking or contact form available for customers to schedule services or inquire further.,"This could lead to potential customers having difficulty reaching out to them or scheduling necessary services, which may result in lost sales opportunities.",Implement an online booking system to facilitate customer scheduling and inquiries.,online booking / scheduling: no; phone number visible: yes; contact form: no; prices shown ($ amounts): yes; reviews or testimonials on site: no; live chat / text widget: yes (chat-widget); financing offered: no; 24/7 or emergency service: no,
46,https://westhvacpro.com,West HVAC Pro,ok,The website does not display any prices for HVAC services.,"Potential customers may find it difficult to understand the cost implications of hiring the service, which could lead to uncertainty in making a decision. This lack of transparency might discourage some individuals from requesting a quote or booking an appointment.",We would integrate a clear pricing section on the website to enhance transparency for prospective clients.,online booking / scheduling: yes (BOOK AN APPOINTMENT); phone number visible: yes; contact form: no; prices shown ($ amounts): no; reviews or testimonials on site: yes; live chat / text widget: no; financing offered: no; 24/7 or emergency service: yes,
47,https://forestroofing.com,,UNREACHABLE,,,,,page.goto: net::ERR_NAME_NOT_RESOLVED at https://forestroofing.com/
48,https://stoneplumbingheating.com,Plumbing and Heating Services in and around Duluth MN - Stone Plumbing and Heating,ok,The website does not provide a clear list of service prices for plumbing and heating services.,"Potential customers may hesitate to reach out for quotes without knowing the cost range of services, leading to fewer inquiries and lost business opportunities.",We would create a service pricing page to display cost information transparently.,online booking / scheduling: yes (GET A QUOTE); phone number visible: yes; contact form: no; prices shown ($ amounts): no; reviews or testimonials on site: yes; live chat / text widget: no; financing offered: no; 24/7 or emergency service: yes,
49,https://gbroof.com,Green Bay Roofing Contractor,ok,The website includes a contact form but does not provide any visible prices for services.,"Potential customers may be hesitant to reach out for quotes without knowing the price range for services, which could lead to lost business opportunities. This lack of transparency might make prospective clients feel unsure about budget expectations.",Add a visible pricing structure or price range on the website to help customers make informed decisions.,online booking / scheduling: yes (GET A FREE QUOTE); phone number visible: yes; contact form: yes; prices shown ($ amounts): no; reviews or testimonials on site: no; live chat / text widget: no; financing offered: yes; 24/7 or emergency service: yes,
50,https://jbcomfort.com,"J&B Comfort Systems, Inc. | HVAC Contractor",ok,"The website does not display any prices for its HVAC services, which could leave customers uncertain about potential costs.","Without visible prices, prospective customers may hesitate to engage with the business or request services, as they lack crucial information for budgeting their HVAC needs.",We would implement a pricing page or integrate service pricing directly into the service descriptions on the website.,online booking / scheduling: yes (Schedule Service); phone number visible: yes; contact form: yes; prices shown ($ amounts): no; reviews or testimonials on site: no; live chat / text widget: yes (chat-widget); financing offered: no; 24/7 or emergency service: yes,
51,https://eeckc.com,"Windows, Siding & Roofing Contractor in Kansas City | EEC",ok,"The website does not include pricing information for the services offered, such as roofing and siding installation.","Potential customers may find it difficult to assess the affordability of services, leading to uncertainty about contacting the business for estimates.",We would create detailed service pages that include pricing information and clear descriptions to enhance customer understanding.,online booking / scheduling: yes (SCHEDULE AN APPOINTMENT); phone number visible: yes; contact form: yes; prices shown ($ amounts): no; reviews or testimonials on site: yes; live chat / text widget: no; financing offered: yes; 24/7 or emergency service: no,
52,https://waterprosplumbing.com,Plumbers in Gilbert AZ | Water Pros Plumbing,ok,"While Water Pros Plumbing mentions 'upfront pricing', there are no specific price amounts listed on the website for their services.","Potential customers may experience uncertainty regarding costs before contacting the business, which could lead to hesitation in scheduling services. Without clear pricing, customers may compare with competitors who do provide pricing information.",Provide a detailed pricing page or breakdown for services to enhance transparency and assist customers in making informed decisions.,online booking / scheduling: yes (SCHEDULE SERVICE); phone number visible: yes; contact form: no; prices shown ($ amounts): no; reviews or testimonials on site: yes; live chat / text widget: no; financing offered: no; 24/7 or emergency service: yes,
53,https://fivestar247.com,"HVAC Installation, Air Conditioning Service, Heating Repair & AC Repair | Chicago, IL | Five Star HVAC Services, Inc.",ok,The website does not provide any pricing information for the HVAC services offered.,"Potential customers may find it difficult to gauge whether they can afford the services or compare pricing with competitors, leading to uncertainty in making a decision.",Add a pricing page or integrate pricing information with the service descriptions on the website.,online booking / scheduling: yes (housecallpro); phone number visible: yes; contact form: no; prices shown ($ amounts): no; reviews or testimonials on site: yes; live chat / text widget: no; financing offered: no; 24/7 or emergency service: yes,
54,https://bigcatplumbinghvac.com,"Colorado Springs Plumbing & HVAC Company | Big Cat Plumbing, Heating & Cooling",ok,"Big Cat Plumbing, Heating & Cooling specializes in sewer lining and is one of the few Nu-Flow Certified contractors in Colorado Springs.",This unique certification may give customers confidence in the quality and reliability of sewer lining services offered. Potential clients may choose Big Cat over competitors due to this specialized expertise.,Highlight this certification and service specialization more prominently on the website to attract customers in need of sewer lining services.,online booking / scheduling: yes (scheduler.); phone number visible: yes; contact form: no; prices shown ($ amounts): yes; reviews or testimonials on site: yes; live chat / text widget: yes (webchat); financing offered: yes; 24/7 or emergency service: yes,
55,https://weathertightroofing.com,Licensed Roofing Contractor Inland Empire CA | Since 1983,ok,Weathertight Roofing does not provide an online booking system on their website.,"This absence may deter potential customers from easily scheduling services, leading to lost business opportunities. Customers may prefer a more convenient way to book appointments rather than calling.",Implement an online booking flow to allow customers to easily schedule services directly through the website.,online booking / scheduling: no; phone number visible: yes; contact form: no; prices shown ($ amounts): no; reviews or testimonials on site: yes; live chat / text widget: no; financing offered: yes; 24/7 or emergency service: yes,
56,https://tdhvac.com,Thermo Dynamics - Heating Cooling Ventilation Air Contioning,ok,Thermo Dynamics does not provide an online booking option for HVAC services.,"This absence may lead to potential customers being unable to easily schedule appointments, resulting in lost business opportunities. Customers might choose competitors that offer more convenient booking methods.",Implement an online booking system to streamline appointment scheduling for customers.,online booking / scheduling: no; phone number visible: yes; contact form: no; prices shown ($ amounts): no; reviews or testimonials on site: no; live chat / text widget: no; financing offered: no; 24/7 or emergency service: yes,
57,https://itsautomatic.com,"Automatic Air Conditioning, Heating, Plumbing & Electric | Memphis, TN",ok,"Automatic Air Conditioning, Heating, Plumbing & Electric has been BBB Accredited since 1948 and has an A+ rating, highlighting their long-standing commitment to customer satisfaction.","This accreditation may reassure prospective customers about the reliability and quality of the services offered. However, it might not communicate specific customer experiences directly on their site without including individual testimonials.",Include detailed testimonials from satisfied customers on the website to better showcase their service quality and customer satisfaction.,online booking / scheduling: yes (SCHEDULE APPOINTMENT); phone number visible: yes; contact form: yes; prices shown ($ amounts): yes; reviews or testimonials on site: yes; live chat / text widget: yes (livechat); financing offered: yes; 24/7 or emergency service: yes,
58,https://cover3roofing.com,,UNREACHABLE,,,,,page.goto: net::ERR_CERT_AUTHORITY_INVALID at https://cover3roofing.com/
59,https://ice-hvac.com,Home - Indoor Climate Experts HVAC,ok,The website does not provide a detailed service list with descriptions or prices for HVAC services.,"Potential customers may find it difficult to understand the specific offerings and costs associated with HVAC services, leading to uncertainty or hesitation in making contact.",We would create a detailed service page that includes descriptions and pricing to enhance clarity for prospective customers.,online booking / scheduling: no; phone number visible: yes; contact form: yes; prices shown ($ amounts): no; reviews or testimonials on site: yes; live chat / text widget: no; financing offered: no; 24/7 or emergency service: no,
60,https://roseroofingandsupply.com,Rose Roofing & Supply Inc.,ok,Rose Roofing & Supply does not provide detailed descriptions or prices for its services on the website.,"Prospective customers may find it difficult to compare services or understand the costs involved, which could lead to hesitation in reaching out for a quote.",Create a detailed service list with descriptions and transparent pricing on the website.,online booking / scheduling: yes (GET A QUOTE); phone number visible: yes; contact form: no; prices shown ($ amounts): no; reviews or testimonials on site: yes; live chat / text widget: no; financing offered: no; 24/7 or emergency service: no,
61,https://pallyroofing.com,"Trusted Roofing Company in Garrettsville, OH | Pally Roofing",ok,Pally Roofing does not provide any pricing information or detailed descriptions for their roofing services on their website.,"Potential customers may be uncertain about the cost of services, which could lead them to abandon the inquiry process or choose competitors that offer clearer pricing. This lack of transparency may create hesitation in reaching out for a quote.",Create a detailed service page that includes pricing information and service descriptions to improve customer understanding and trust.,online booking / scheduling: yes (Request Estimate); phone number visible: yes; contact form: no; prices shown ($ amounts): no; reviews or testimonials on site: yes; live chat / text widget: yes (chat-widget); financing offered: no; 24/7 or emergency service: yes,
62,https://lakesidecomfortpros.com,"Lakeside Heating, Cooling and Plumbing",ok,"Lakeside Heating, Cooling, and Plumbing does not provide detailed descriptions for each of its listed services, such as gas furnaces, AC repair, and plumbing services.","Potential customers may struggle to understand the full range of services offered and their specific benefits, which could lead to uncertainty in choosing the right service for their needs.","Create comprehensive service pages that detail each offering, including descriptions, benefits, and pricing information.",online booking / scheduling: yes (Schedule Now); phone number visible: yes; contact form: no; prices shown ($ amounts): yes; reviews or testimonials on site: yes; live chat / text widget: yes (birdeye); financing offered: yes; 24/7 or emergency service: yes,
63,https://chucksplumbing.com,Chucks Plumbing Services,ok,Chucks Plumbing specializes in efficient drain unblocking solutions but does not provide a clear service list with descriptions or pricing on their website.,"Potential customers may find it difficult to understand the full scope of services offered and the associated costs, which could lead to hesitation in reaching out for help. This lack of transparency can restrict their decision-making process.",Create a detailed service list with descriptions and pricing to improve customer clarity and encourage inquiries.,online booking / scheduling: no; phone number visible: yes; contact form: yes; prices shown ($ amounts): no; reviews or testimonials on site: no; live chat / text widget: no; financing offered: no; 24/7 or emergency service: no,
64,https://reasonablecontractingservices.com,"Michigan Roofing Contractor | 42 Years, 4.8-Rated | Reasonable",ok,The website does not have an online booking system for scheduling services.,"Prospective customers may find it inconvenient to arrange estimates or consultations, potentially leading to missed opportunities for the business. Lack of online scheduling may deter customers who prefer digital solutions for ease and efficiency.",Implement an online booking flow that allows customers to easily schedule appointments directly through the website.,online booking / scheduling: no; phone number visible: yes; contact form: yes; prices shown ($ amounts): yes; reviews or testimonials on site: yes; live chat / text widget: no; financing offered: yes; 24/7 or emergency service: yes,
65,https://hammesservices.net,Custom Remodel Construction in Charleston - Hammes Services,ok,The website does not display any prices for the remodeling services offered by Hammes Services.,"Potential customers may find it difficult to gauge the affordability of services, which could lead to hesitation in requesting quotes. This lack of pricing transparency may result in missed opportunities for the business.",Implement a clear pricing structure for services on the website to improve transparency and encourage potential clients to engage.,online booking / scheduling: yes (REQUEST QUOTE); phone number visible: yes; contact form: yes; prices shown ($ amounts): no; reviews or testimonials on site: no; live chat / text widget: no; financing offered: no; 24/7 or emergency service: yes,
66,https://elevationroofrepair.com,"Roof Repair & Installation in Waxahachie, TX",ok,Elevation Roofing does not provide any pricing information for their roofing services on their website.,"This lack of pricing transparency may lead potential customers to seek quotes elsewhere, possibly resulting in lost business opportunities. Customers could be unsure about the affordability of services without known costs.",We would create a detailed service pricing page to enhance transparency and improve customer trust.,online booking / scheduling: yes (GET A QUOTE); phone number visible: yes; contact form: yes; prices shown ($ amounts): no; reviews or testimonials on site: yes; live chat / text widget: no; financing offered: no; 24/7 or emergency service: yes,
67,https://gsamarillo.com,"Residential & Commercial Roofing | Golden Spread Roofing | Amarillo, Texas",ok,Golden Spread Roofing does not provide an online booking or scheduling option on their website.,"Potential customers may be unable to easily schedule consultations or services, leading to missed opportunities for the business. This lack of convenience can deter customers who prefer quick and simple booking methods.",Implement an online booking system to allow customers to easily schedule services directly through the website.,online booking / scheduling: no; phone number visible: yes; contact form: no; prices shown ($ amounts): no; reviews or testimonials on site: no; live chat / text widget: no; financing offered: no; 24/7 or emergency service: no,
68,https://einsteinpros.com,"Plumbing, Heating & Cooling in Oregon & Washington | Einstein Pros",ok,Einstein Pros does not display any prices for their plumbing and HVAC services on their website.,"Potential customers may hesitate to book services without knowing costs upfront, leading to uncertainty and potential loss of business. This could also create challenges in comparing services with other companies.",Add a clear pricing list to the website to enhance transparency and assist customers in making informed decisions.,online booking / scheduling: yes (SCHEDULE SERVICE); phone number visible: yes; contact form: no; prices shown ($ amounts): no; reviews or testimonials on site: no; live chat / text widget: no; financing offered: no; 24/7 or emergency service: yes,
69,https://stxroofing.com,Roofing Contractor in Huffman & Houston | STX Roofing,ok,STX Roofing does not provide visible pricing for its services on the website.,"Prospective customers may be hesitant to engage with the business without clear pricing information, leading to fewer inquiries and potential sales.",We would implement a service pricing page to transparently communicate costs and enhance customer trust.,online booking / scheduling: no; phone number visible: yes; contact form: yes; prices shown ($ amounts): no; reviews or testimonials on site: yes; live chat / text widget: no; financing offered: yes; 24/7 or emergency service: yes,
70,https://sustainable-plumbing.com,,UNREACHABLE,,,,,page.goto: Timeout 25000ms exceeded.
71,https://plumbitheatitcoolit.com,"Norristown Plumbing, Heating & Cooling | Plumb it Heat it Cool it",ok,"The website does not include a contact form for customer inquiries, offering only a visible phone number and online booking options.","This limits potential customers' options for reaching out, which may lead to lost inquiries or bookings from those uncomfortable with calling or using an online booking system.","Implement a contact form on the website to provide an additional, convenient way for customers to reach out.",online booking / scheduling: yes (servicetitan); phone number visible: yes; contact form: no; prices shown ($ amounts): yes; reviews or testimonials on site: yes; live chat / text widget: no; financing offered: yes; 24/7 or emergency service: yes,
72,https://legacyfamilyroofing.com,"Legacy Family Roofing Company | Full-Service Roofer in Lawrenceville, GA | Legacy Roofing",ok,The website does not display any prices for its roofing services.,"Potential customers may hesitate to reach out if they cannot gauge the cost of services upfront, leading to uncertainty in decision-making.",Add a clear pricing section to the website to help prospective customers understand service costs.,online booking / scheduling: yes (calendly); phone number visible: yes; contact form: yes; prices shown ($ amounts): no; reviews or testimonials on site: yes; live chat / text widget: yes (birdeye); financing offered: no; 24/7 or emergency service: no,
73,https://jacotplumbing.com,Jacot Plumbing - Serving all of Orange County & Surrounding Areas - Jacot Plumbing,ok,Jacot Plumbing does not provide a detailed service list with descriptions or prices on their website.,"This lack of clarity can lead to confusion for potential customers about what specific plumbing services are offered and at what cost, potentially resulting in missed inquiries or bookings.",Develop a comprehensive services page that includes detailed descriptions and pricing for each plumbing service offered.,online booking / scheduling: yes (Get a Quote); phone number visible: yes; contact form: no; prices shown ($ amounts): no; reviews or testimonials on site: yes; live chat / text widget: no; financing offered: no; 24/7 or emergency service: yes,
74,https://greystone-roofing.com,"Dallas Roofing Company | The Best Roofers in Aubrey, Texas",ok,Greystone Roofing does not provide a visible price list for its roofing services on the website.,"Without clear pricing information, potential customers may hesitate to reach out for estimates and can find it difficult to budget for their roofing projects. This can lead to missed opportunities for service inquiries and conversions.",Create a pricing page that outlines the costs associated with various roofing services to inform and assist potential customers.,online booking / scheduling: no; phone number visible: yes; contact form: yes; prices shown ($ amounts): no; reviews or testimonials on site: no; live chat / text widget: yes (chat-widget); financing offered: no; 24/7 or emergency service: yes,
75,https://arsimshvac.com,A.R. Sims Heating & Air Conditioning Inc. – HVAC Contractor Serving Gwinnett County and Surrounding Areas,ok,The website does not provide any descriptions or prices for the HVAC services offered.,"Potential customers may find it difficult to understand the value of services or make informed decisions without clear pricing and descriptions, leading to possible hesitation in contacting the business.",We would create a detailed service list with descriptions and pricing to aid customer decision-making.,online booking / scheduling: no; phone number visible: yes; contact form: yes; prices shown ($ amounts): no; reviews or testimonials on site: no; live chat / text widget: no; financing offered: yes; 24/7 or emergency service: yes,
76,https://internationalroofs.com,Checking your browser...,NEEDS_REVIEW,,,,,"Page couldn't be read (bot check, or almost no text) — check by hand"
77,https://ehroofing.com,Checking your browser...,NEEDS_REVIEW,,,,,"Page couldn't be read (bot check, or almost no text) — check by hand"
78,https://stalwartgeneralcontractor.com,Baton Rouge Roofing Company | Stalwart Roofing,ok,Stalwart Roofing does not provide a service list with descriptions or prices on its website.,"Prospective customers may find it difficult to understand the full range of services offered and the associated costs, potentially leading to confusion or hesitation in choosing a roofing service.",Develop a detailed service list with clear descriptions and pricing information on the website.,online booking / scheduling: no; phone number visible: yes; contact form: no; prices shown ($ amounts): no; reviews or testimonials on site: no; live chat / text widget: yes (leadconnector); financing offered: no; 24/7 or emergency service: no,
79,https://coolkidsac.com,Same-Day AC Repair Round Rock & Georgetown | Cool Kids,ok,The business offers annual maintenance contracts starting as low as $28/month but does not provide details on what is included in these contracts.,"Potential customers may be uncertain about the value and coverage of the maintenance service, leading to hesitation in scheduling or signing up for the service. This lack of clarity can reduce the perceived reliability of the offering.",We would create a detailed service page outlining the benefits and specifics of the annual maintenance contracts to build trust and encourage sign-ups.,online booking / scheduling: yes (housecallpro); phone number visible: yes; contact form: yes; prices shown ($ amounts): yes; reviews or testimonials on site: yes; live chat / text widget: no; financing offered: yes; 24/7 or emergency service: no,
80,https://tiptoproofwi.com,Tip Top Roofing & Gutters,ok,Tip Top Roofing & Gutters does not offer online booking or scheduling options on their website.,"This makes it less convenient for customers to easily schedule a service, potentially leading to lost sales as they may seek out competitors with simpler booking processes.",Implement an online booking flow to streamline appointment scheduling for customers.,online booking / scheduling: no; phone number visible: no; contact form: no; prices shown ($ amounts): yes; reviews or testimonials on site: yes; live chat / text widget: no; financing offered: no; 24/7 or emergency service: no,
81,https://evergreenplumbingri.com,Plumbing Heating & AC in Warwick | Evergreen Services RI,ok,"The website does not provide any pricing information for its plumbing, heating, and cooling services.","Potential customers may hesitate to request services without knowing costs upfront, which could lead to lost business opportunities. This lack of transparency might create uncertainty about service affordability.",We would add a clear pricing section to the website to help customers understand costs associated with services.,online booking / scheduling: yes (REQUEST SERVICE); phone number visible: yes; contact form: yes; prices shown ($ amounts): no; reviews or testimonials on site: yes; live chat / text widget: no; financing offered: no; 24/7 or emergency service: yes,
82,https://eaglepipemechanical.com,HVAC & Plumbing in Poulsbo | Eagle Pipe Heating & Air,ok,The website features a 'Marine Climate Diagnostic' section that helps Kitsap homeowners identify specific HVAC issues related to coastal living.,This personalized approach can lead homeowners to better understand their HVAC needs and make informed decisions about repairs or replacements. It may also encourage potential customers to reach out for specialized solutions.,Highlight this service prominently on the website to attract more local customers looking for targeted HVAC expertise.,online booking / scheduling: yes (Scheduler.); phone number visible: yes; contact form: yes; prices shown ($ amounts): yes; reviews or testimonials on site: yes; live chat / text widget: no; financing offered: yes; 24/7 or emergency service: yes,
83,https://mattawanmechanical.com,Southwest Michigan HVAC | Mattawan Mechanical Services,ok,Mattawan Mechanical Services mentions a bundle maintenance plan to save money and ensure year-round equipment efficiency.,"This plan could encourage customers to commit to regular maintenance, helping them avoid costly repairs from neglected equipment. Additionally, it emphasizes the business's expertise in maintaining HVAC systems for optimal performance.",Showcase this maintenance plan more prominently on the website to attract potential customers looking for cost-saving options.,online booking / scheduling: yes (housecallpro); phone number visible: yes; contact form: no; prices shown ($ amounts): yes; reviews or testimonials on site: yes; live chat / text widget: yes (Podium); financing offered: yes; 24/7 or emergency service: no,
84,https://reiroof.com,SITE NOT FOUND,NEEDS_REVIEW,,,,,"Page couldn't be read (bot check, or almost no text) — check by hand"
85,https://220roofing.com,Roofing Company | 220 Roofing & Restoration,ok,"The website does not display any prices for the roofing services offered, such as roof replacement or repair.","Prospective customers may find it difficult to determine the affordability of services, which could lead to hesitation in contacting the business for an estimate. This lack of transparency can cause potential clients to seek options elsewhere.",We would develop a clear pricing structure and integrate it into the website to enhance customer trust and facilitate informed decision-making.,online booking / scheduling: yes (Get a Quote); phone number visible: yes; contact form: yes; prices shown ($ amounts): no; reviews or testimonials on site: yes; live chat / text widget: no; financing offered: no; 24/7 or emergency service: no,
86,https://capstoneplumbing.net,"Plumber in Alabaster, Pelham & Hoover, AL | Capstone Plumbing",ok,Capstone Plumbing offers an annual maintenance plan for $150 that includes one whole home inspection and up to 10% off all standard plumbing services.,"This maintenance plan provides customers with a cost-effective way to prevent plumbing issues and ensures timely inspections, which can lead to greater peace of mind regarding their plumbing systems.",Develop a dedicated landing page for the maintenance plan to enhance visibility and encourage more sign-ups.,online booking / scheduling: yes (Request Service); phone number visible: yes; contact form: yes; prices shown ($ amounts): yes; reviews or testimonials on site: yes; live chat / text widget: no; financing offered: no; 24/7 or emergency service: yes,
87,https://walkerhvac.com,WalkerHVAC | WalkerHVAC,ok,Walker HVAC LLC does not offer online booking or a contact form on their website.,"Potential customers may find it inconvenient to schedule services, leading to lost business opportunities. Without easy online options, customers might seek competitors who provide simpler ways to book appointments.",Implement an online booking system to simplify appointment scheduling for customers.,online booking / scheduling: no; phone number visible: yes; contact form: no; prices shown ($ amounts): no; reviews or testimonials on site: no; live chat / text widget: no; financing offered: no; 24/7 or emergency service: no,
88,https://superroofingcompany.com,Charlotte Roofing Contractor | Super Roofing Company,ok,The website does not have an online booking or scheduling option for roof inspections.,"Potential customers may find it inconvenient to arrange inspections, leading to a decrease in inquiries or appointments. This could result in lost opportunities for the business to showcase their services.",Create an online booking system to streamline the scheduling process for roof inspections.,online booking / scheduling: no; phone number visible: yes; contact form: no; prices shown ($ amounts): no; reviews or testimonials on site: yes; live chat / text widget: no; financing offered: yes; 24/7 or emergency service: no,
89,https://associateroofing.com,"Associate Roofing - Roofing Contractor Boston & South Shore - Located in Braintree, MA",ok,"The website does not provide any prices for roofing services, such as roof installation or repairs.",This lack of pricing information may lead potential customers to hesitate in making contact as they cannot gauge affordability or budget for their roofing needs.,We would implement a pricing section on the website to clearly outline costs for various roofing services.,online booking / scheduling: yes (Get a Free Quote); phone number visible: yes; contact form: yes; prices shown ($ amounts): no; reviews or testimonials on site: yes; live chat / text widget: no; financing offered: yes; 24/7 or emergency service: no,
90,https://southfloridaducts.com,Air Duct Cleaning & AC Services | South Florida Ducts,ok,The website mentions that South Florida Ducts offers a $49 air duct cleaning service but warns about potential bait-and-switch tactics.,This could lead to mistrust among prospective customers who might be wary of hidden fees or upsells. Clear communication about pricing is essential for customer confidence.,Clarify the pricing structure and service details on the website to build trust and improve conversions.,online booking / scheduling: yes (housecallpro); phone number visible: yes; contact form: yes; prices shown ($ amounts): yes; reviews or testimonials on site: yes; live chat / text widget: yes (tawk.to); financing offered: no; 24/7 or emergency service: no,
91,https://kandlroofinginc.com,"Roofing Contractors | K & L Roofing, Inc | United States",ok,"K & L Roofing, Inc. does not provide any pricing information for their services on their website.","Potential customers may be uncertain about the costs associated with roofing services, leading to hesitation in reaching out for a quote. This can result in fewer inquiries and opportunities for the business.",We would create a clear service pricing page to help potential customers understand costs upfront.,online booking / scheduling: no; phone number visible: yes; contact form: yes; prices shown ($ amounts): no; reviews or testimonials on site: no; live chat / text widget: no; financing offered: no; 24/7 or emergency service: no,
92,https://airexpresshvac.com,Air Express HVAC | AC Fort Myers,ok,The website does not display any pricing information for the HVAC services offered.,"Without visible prices, potential customers may hesitate to contact the business as they cannot gauge the affordability of services. This lack of transparency can lead to lost inquiries and reduced trust.",We would implement a clear pricing section on the website to promote transparency and build customer trust.,online booking / scheduling: yes (SCHEDULE A SERVICE); phone number visible: yes; contact form: yes; prices shown ($ amounts): no; reviews or testimonials on site: yes; live chat / text widget: yes (chat-widget); financing offered: no; 24/7 or emergency service: yes,
93,https://seahvac.com,Sea HVAC,ok,The website for Sea Heating and Air Conditioning does not display any prices for their services.,"Potential customers may hesitate to inquire about services without knowing the cost, which could lead to fewer leads and appointments. This lack of transparency can create uncertainty about budgeting for HVAC services.",Display a clear pricing list on the website for key services to facilitate better decision-making for prospective customers.,online booking / scheduling: yes (GET A QUOTE); phone number visible: yes; contact form: yes; prices shown ($ amounts): no; reviews or testimonials on site: yes; live chat / text widget: no; financing offered: yes; 24/7 or emergency service: no,
94,https://faheyroofingcontractors.com,"Fahey Roofing + Contracting | The Best Roofing Contractor in West Virginia, Ohio, and Kentucky",ok,The website does not display any prices for its roofing or siding services.,"Prospective customers may find it difficult to assess the affordability of services, potentially leading them to hesitate in reaching out for estimates. This lack of transparency can create uncertainty and inhibit conversion rates.",Add a clear pricing section to the website that outlines costs for various services or at least starting prices.,online booking / scheduling: yes (GET A FREE ESTIMATE); phone number visible: yes; contact form: yes; prices shown ($ amounts): no; reviews or testimonials on site: yes; live chat / text widget: yes (chat-widget); financing offered: yes; 24/7 or emergency service: yes,
95,https://arcticheatingandcooling.com,403 Forbidden,NEEDS_REVIEW,,,,,"Page couldn't be read (bot check, or almost no text) — check by hand"
96,https://dingersroofing.com,403 Forbidden,NEEDS_REVIEW,,,,,"Page couldn't be read (bot check, or almost no text) — check by hand"
97,https://qcplumbing.com,Queen City Plumbing and Heating,ok,Queen City Plumbing does not provide an online booking or scheduling option on their website.,"This absence means potential customers cannot easily schedule appointments at their convenience, which may lead them to choose competitors with more accessible booking options. This could result in lost business opportunities and reduced customer satisfaction.",Implement an online booking system to streamline appointment scheduling for customers.,"online booking / scheduling: no; phone number visible: yes; contact form: no; prices shown ($ amounts): no; reviews or testimonials on site: no; live chat / text widget: yes (hubspot-messages-iframe-container"" class=""widget-align-right"" style=""color-scheme: light; min-height: 96px; min-width: 100px; width: 282px; height: 253px;""><div class=""hs-shadow-container""></div><iframe src=""https://app.hubspot.com/conversations-visitor/47581133/threads/utk/9765e6824f05412e83ceb2055a675479?uuid=13df10e609b740878e6a1eff68ee57ad&amp;mobile=false&amp;mobileSafari=false&amp;hideWelcomeMessage=false&amp;hstc=&amp;domain=qcplumbing.com&amp;inApp53=false&amp;messagesUtk=9765e6824f05412e83ceb2055a675479&amp;url=https%3A%2F%2Fqcplumbing.com%2F&amp;inline=false&amp;isFullscreen=false&amp;globalCookieOptOut=&amp;isFirstVisitorSession=true&amp;isAttachmentDisabled=false&amp;isInitialInputFocusDisabled=false&amp;enableWidgetCookieBanner=false&amp;isInCMS=false&amp;hideScrollToButton=true&amp;isIOSMobile=false"" id=""hubspot-conversations-iframe"" title=""Chat Widget"" allowfullscreen="""" data-test-id=""chat); financing offered: no; 24/7 or emergency service: yes",
98,https://cmhvacnashville.com,Cumberland Mechanical,ok,"While CM HVAC Nashville has a 'Book an Appointment' feature, it lacks visible pricing and does not display customer reviews on the website despite mentioning them.","Potential customers may hesitate to use the online booking feature as they cannot see the costs beforehand, and the absence of displayed reviews may reduce trust in the service quality.",Implement a pricing section along with featuring customer reviews prominently on the website.,online booking / scheduling: yes (Book an Appointment); phone number visible: no; contact form: yes; prices shown ($ amounts): no; reviews or testimonials on site: yes; live chat / text widget: no; financing offered: no; 24/7 or emergency service: no,
99,https://chudcompany.com,"Chud Cooling Heating Plumbing & Electric | Your Family & Veteran Owned HVAC Company Proudly Serving Since 1970 | Abington, PA",ok,Chud Cooling Heating Plumbing & Electric does not provide prices for its services on the website.,"Potential customers may find it difficult to gauge the affordability of services before contacting the business, which could lead to hesitation in making inquiries or scheduling appointments.",Create a detailed service list that includes pricing information to improve transparency for prospective customers.,online booking / scheduling: yes (scheduler.); phone number visible: yes; contact form: yes; prices shown ($ amounts): no; reviews or testimonials on site: yes; live chat / text widget: no; financing offered: yes; 24/7 or emergency service: yes,
100,https://arproofing.com,Austin & San Antonio Roofing Contractor Texas,ok,ARP Roofing does not display any customer reviews or testimonials on their website.,Potential customers may hesitate to choose ARP Roofing without visible proof of past customer satisfaction or experiences. This absence could lead to a lack of trust compared to competitors who showcase testimonials.,Implement a review display tool to showcase customer testimonials and feedback on the website.,online booking / scheduling: yes (Get a free quote); phone number visible: yes; contact form: yes; prices shown ($ amounts): yes; reviews or testimonials on site: no; live chat / text widget: no; financing offered: yes; 24/7 or emergency service: no,
101,https://thathvacguys.com,"That HVAC Guy – Home | HVAC Services, Installation, and Repairs",ok,That HVAC Guy does not provide an online booking or scheduling option on their website.,"Potential customers may find it inconvenient to schedule services, leading to lost business opportunities. Without an easy way to book appointments, clients may choose competitors who offer a smoother booking process.",Implement an online booking flow on the website to simplify scheduling for customers.,online booking / scheduling: no; phone number visible: yes; contact form: no; prices shown ($ amounts): no; reviews or testimonials on site: no; live chat / text widget: yes (chat-widget); financing offered: yes; 24/7 or emergency service: no,
102,https://ocpropertysolutions.com,"Plumbing, HVAC & Electrical Services | OC Property Solutions",ok,"The website does not display specific prices for its plumbing, HVAC, or electrical services.","Potential customers may hesitate to reach out if they are unsure of the costs, which can lead to lost business opportunities. Without clear pricing, customers may choose competitors who provide transparency.",Create a detailed pricing page that outlines the costs for various services to improve customer trust and reduce inquiry hesitations.,online booking / scheduling: yes (servicetitan); phone number visible: yes; contact form: yes; prices shown ($ amounts): no; reviews or testimonials on site: yes; live chat / text widget: no; financing offered: no; 24/7 or emergency service: yes,
103,https://hersheyheatingac.com,Trusted HVAC & Plumbing Services in Central PA | Hershey Heating & Air Conditioning LLC,ok,The website does not display any prices for HVAC or plumbing services offered by Hershey Heating & Air Conditioning LLC.,"Potential customers may find it difficult to gauge the affordability of services without knowing the prices, which could delay their decision to schedule an appointment.",We would create a detailed service pricing page to enhance transparency and assist potential customers in their decision-making.,online booking / scheduling: yes (SCHEDULE YOUR SERVICE); phone number visible: yes; contact form: yes; prices shown ($ amounts): no; reviews or testimonials on site: yes; live chat / text widget: no; financing offered: no; 24/7 or emergency service: yes,
104,https://dascorplumbing.com,"Most Trusted Plumber in Pompano Beach, FL, and Nearby Areas | DASCOR Plumbing",ok,DASCOR Plumbing does not provide an online booking or scheduling system on their website.,"Customers needing plumbing services must call the business directly, which may deter those who prefer to book online for convenience and immediate confirmation.",Implement an online booking flow to simplify the scheduling process for customers.,"online booking / scheduling: no; phone number visible: yes; contact form: no; prices shown ($ amounts): no; reviews or testimonials on site: yes; live chat / text widget: yes (hubspot:before{content:""\f3b2""}.fa-i-cursor:before{content:""\f246""}.fa-ice-cream:before{content:""\f810""}.fa-icicles:before{content:""\f7ad""}.fa-icons:before{content:""\f86d""}.fa-id-badge:before{content:""\f2c1""}.fa-id-card:before{content:""\f2c2""}.fa-id-card-alt:before{content:""\f47f""}.fa-ideal:before{content:""\e013""}.fa-igloo:before{content:""\f7ae""}.fa-image:before{content:""\f03e""}.fa-images:before{content:""\f302""}.fa-imdb:before{content:""\f2d8""}.fa-inbox:before{content:""\f01c""}.fa-indent:before{content:""\f03c""}.fa-industry:before{content:""\f275""}.fa-infinity:before{content:""\f534""}.fa-info:before{content:""\f129""}.fa-info-circle:before{content:""\f05a""}.fa-innosoft:before{content:""\e080""}.fa-instagram:before{content:""\f16d""}.fa-instagram-square:before{content:""\e055""}.fa-instalod:before{content:""\e081""}.fa-intercom:before{content:""\f7af""}.fa-internet-explorer:before{content:""\f26b""}.fa-invision:before{content:""\f7b0""}.fa-ioxhost:before{content:""\f208""}.fa-italic:before{content:""\f033""}.fa-itch-io:before{content:""\f83a""}.fa-itunes:before{content:""\f3b4""}.fa-itunes-note:before{content:""\f3b5""}.fa-java:before{content:""\f4e4""}.fa-jedi:before{content:""\f669""}.fa-jedi-order:before{content:""\f50e""}.fa-jenkins:before{content:""\f3b6""}.fa-jira:before{content:""\f7b1""}.fa-joget:before{content:""\f3b7""}.fa-joint:before{content:""\f595""}.fa-joomla:before{content:""\f1aa""}.fa-journal-whills:before{content:""\f66a""}.fa-js:before{content:""\f3b8""}.fa-js-square:before{content:""\f3b9""}.fa-jsfiddle:before{content:""\f1cc""}.fa-kaaba:before{content:""\f66b""}.fa-kaggle:before{content:""\f5fa""}.fa-key:before{content:""\f084""}.fa-keybase:before{content:""\f4f5""}.fa-keyboard:before{content:""\f11c""}.fa-keycdn:before{content:""\f3ba""}.fa-khanda:before{content:""\f66d""}.fa-kickstarter:before{content:""\f3bb""}.fa-kickstarter-k:before{content:""\f3bc""}.fa-kiss:before{content:""\f596""}.fa-kiss-beam:before{content:""\f597""}.fa-kiss-wink-heart:before{content:""\f598""}.fa-kiwi-bird:before{content:""\f535""}.fa-korvue:before{content:""\f42f""}.fa-landmark:before{content:""\f66f""}.fa-language:before{content:""\f1ab""}.fa-laptop:before{content:""\f109""}.fa-laptop-code:before{content:""\f5fc""}.fa-laptop-house:before{content:""\e066""}.fa-laptop-medical:before{content:""\f812""}.fa-laravel:before{content:""\f3bd""}.fa-lastfm:before{content:""\f202""}.fa-lastfm-square:before{content:""\f203""}.fa-laugh:before{content:""\f599""}.fa-laugh-beam:before{content:""\f59a""}.fa-laugh-squint:before{content:""\f59b""}.fa-laugh-wink:before{content:""\f59c""}.fa-layer-group:before{content:""\f5fd""}.fa-leaf:before{content:""\f06c""}.fa-leanpub:before{content:""\f212""}.fa-lemon:before{content:""\f094""}.fa-less:before{content:""\f41d""}.fa-less-than:before{content:""\f536""}.fa-less-than-equal:before{content:""\f537""}.fa-level-down-alt:before{content:""\f3be""}.fa-level-up-alt:before{content:""\f3bf""}.fa-life-ring:before{content:""\f1cd""}.fa-lightbulb:before{content:""\f0eb""}.fa-line:before{content:""\f3c0""}.fa-link:before{content:""\f0c1""}.fa-linkedin:before{content:""\f08c""}.fa-linkedin-in:before{content:""\f0e1""}.fa-linode:before{content:""\f2b8""}.fa-linux:before{content:""\f17c""}.fa-lira-sign:before{content:""\f195""}.fa-list:before{content:""\f03a""}.fa-list-alt:before{content:""\f022""}.fa-list-ol:before{content:""\f0cb""}.fa-list-ul:before{content:""\f0ca""}.fa-location-arrow:before{content:""\f124""}.fa-lock:before{content:""\f023""}.fa-lock-open:before{content:""\f3c1""}.fa-long-arrow-alt-down:before{content:""\f309""}.fa-long-arrow-alt-left:before{content:""\f30a""}.fa-long-arrow-alt-right:before{content:""\f30b""}.fa-long-arrow-alt-up:before{content:""\f30c""}.fa-low-vision:before{content:""\f2a8""}.fa-luggage-cart:before{content:""\f59d""}.fa-lungs:before{content:""\f604""}.fa-lungs-virus:before{content:""\e067""}.fa-lyft:before{content:""\f3c3""}.fa-magento:before{content:""\f3c4""}.fa-magic:before{content:""\f0d0""}.fa-magnet:before{content:""\f076""}.fa-mail-bulk:before{content:""\f674""}.fa-mailchimp:before{content:""\f59e""}.fa-male:before{content:""\f183""}.fa-mandalorian:before{content:""\f50f""}.fa-map:before{content:""\f279""}.fa-map-marked:before{content:""\f59f""}.fa-map-marked-alt:before{content:""\f5a0""}.fa-map-marker:before{content:""\f041""}.fa-map-marker-alt:before{content:""\f3c5""}.fa-map-pin:before{content:""\f276""}.fa-map-signs:before{content:""\f277""}.fa-markdown:before{content:""\f60f""}.fa-marker:before{content:""\f5a1""}.fa-mars:before{content:""\f222""}.fa-mars-double:before{content:""\f227""}.fa-mars-stroke:before{content:""\f229""}.fa-mars-stroke-h:before{content:""\f22b""}.fa-mars-stroke-v:before{content:""\f22a""}.fa-mask:before{content:""\f6fa""}.fa-mastodon:before{content:""\f4f6""}.fa-maxcdn:before{content:""\f136""}.fa-mdb:before{content:""\f8ca""}.fa-medal:before{content:""\f5a2""}.fa-medapps:before{content:""\f3c6""}.fa-medium:before{content:""\f23a""}.fa-medium-m:before{content:""\f3c7""}.fa-medkit:before{content:""\f0fa""}.fa-medrt:before{content:""\f3c8""}.fa-meetup:before{content:""\f2e0""}.fa-megaport:before{content:""\f5a3""}.fa-meh:before{content:""\f11a""}.fa-meh-blank:before{content:""\f5a4""}.fa-meh-rolling-eyes:before{content:""\f5a5""}.fa-memory:before{content:""\f538""}.fa-mendeley:before{content:""\f7b3""}.fa-menorah:before{content:""\f676""}.fa-mercury:before{content:""\f223""}.fa-meteor:before{content:""\f753""}.fa-microblog:before{content:""\e01a""}.fa-microchip:before{content:""\f2db""}.fa-microphone:before{content:""\f130""}.fa-microphone-alt:before{content:""\f3c9""}.fa-microphone-alt-slash:before{content:""\f539""}.fa-microphone-slash:before{content:""\f131""}.fa-microscope:before{content:""\f610""}.fa-microsoft:before{content:""\f3ca""}.fa-minus:before{content:""\f068""}.fa-minus-circle:before{content:""\f056""}.fa-minus-square:before{content:""\f146""}.fa-mitten:before{content:""\f7b5""}.fa-mix:before{content:""\f3cb""}.fa-mixcloud:before{content:""\f289""}.fa-mixer:before{content:""\e056""}.fa-mizuni:before{content:""\f3cc""}.fa-mobile:before{content:""\f10b""}.fa-mobile-alt:before{content:""\f3cd""}.fa-modx:before{content:""\f285""}.fa-monero:before{content:""\f3d0""}.fa-money-bill:before{content:""\f0d6""}.fa-money-bill-alt:before{content:""\f3d1""}.fa-money-bill-wave:before{content:""\f53a""}.fa-money-bill-wave-alt:before{content:""\f53b""}.fa-money-check:before{content:""\f53c""}.fa-money-check-alt:before{content:""\f53d""}.fa-monument:before{content:""\f5a6""}.fa-moon:before{content:""\f186""}.fa-mortar-pestle:before{content:""\f5a7""}.fa-mosque:before{content:""\f678""}.fa-motorcycle:before{content:""\f21c""}.fa-mountain:before{content:""\f6fc""}.fa-mouse:before{content:""\f8cc""}.fa-mouse-pointer:before{content:""\f245""}.fa-mug-hot:before{content:""\f7b6""}.fa-music:before{content:""\f001""}.fa-napster:before{content:""\f3d2""}.fa-neos:before{content:""\f612""}.fa-network-wired:before{content:""\f6ff""}.fa-neuter:before{content:""\f22c""}.fa-newspaper:before{content:""\f1ea""}.fa-nimblr:before{content:""\f5a8""}.fa-node:before{content:""\f419""}.fa-node-js:before{content:""\f3d3""}.fa-not-equal:before{content:""\f53e""}.fa-notes-medical:before{content:""\f481""}.fa-npm:before{content:""\f3d4""}.fa-ns8:before{content:""\f3d5""}.fa-nutritionix:before{content:""\f3d6""}.fa-object-group:before{content:""\f247""}.fa-object-ungroup:before{content:""\f248""}.fa-octopus-deploy:before{content:""\e082""}.fa-odnoklassniki:before{content:""\f263""}.fa-odnoklassniki-square:before{content:""\f264""}.fa-oil-can:before{content:""\f613""}.fa-old-republic:before{content:""\f510""}.fa-om:before{content:""\f679""}.fa-opencart:before{content:""\f23d""}.fa-openid:before{content:""\f19b""}.fa-opera:before{content:""\f26a""}.fa-optin-monster:before{content:""\f23c""}.fa-orcid:before{content:""\f8d2""}.fa-osi:before{content:""\f41a""}.fa-otter:before{content:""\f700""}.fa-outdent:before{content:""\f03b""}.fa-page4:before{content:""\f3d7""}.fa-pagelines:before{content:""\f18c""}.fa-pager:before{content:""\f815""}.fa-paint-brush:before{content:""\f1fc""}.fa-paint-roller:before{content:""\f5aa""}.fa-palette:before{content:""\f53f""}.fa-palfed:before{content:""\f3d8""}.fa-pallet:before{content:""\f482""}.fa-paper-plane:before{content:""\f1d8""}.fa-paperclip:before{content:""\f0c6""}.fa-parachute-box:before{content:""\f4cd""}.fa-paragraph:before{content:""\f1dd""}.fa-parking:before{content:""\f540""}.fa-passport:before{content:""\f5ab""}.fa-pastafarianism:before{content:""\f67b""}.fa-paste:before{content:""\f0ea""}.fa-patreon:before{content:""\f3d9""}.fa-pause:before{content:""\f04c""}.fa-pause-circle:before{content:""\f28b""}.fa-paw:before{content:""\f1b0""}.fa-paypal:before{content:""\f1ed""}.fa-peace:before{content:""\f67c""}.fa-pen:before{content:""\f304""}.fa-pen-alt:before{content:""\f305""}.fa-pen-fancy:before{content:""\f5ac""}.fa-pen-nib:before{content:""\f5ad""}.fa-pen-square:before{content:""\f14b""}.fa-pencil-alt:before{content:""\f303""}.fa-pencil-ruler:before{content:""\f5ae""}.fa-penny-arcade:before{content:""\f704""}.fa-people-arrows:before{content:""\e068""}.fa-people-carry:before{content:""\f4ce""}.fa-pepper-hot:before{content:""\f816""}.fa-perbyte:before{content:""\e083""}.fa-percent:before{content:""\f295""}.fa-percentage:before{content:""\f541""}.fa-periscope:before{content:""\f3da""}.fa-person-booth:before{content:""\f756""}.fa-phabricator:before{content:""\f3db""}.fa-phoenix-framework:before{content:""\f3dc""}.fa-phoenix-squadron:before{content:""\f511""}.fa-phone:before{content:""\f095""}.fa-phone-alt:before{content:""\f879""}.fa-phone-slash:before{content:""\f3dd""}.fa-phone-square:before{content:""\f098""}.fa-phone-square-alt:before{content:""\f87b""}.fa-phone-volume:before{content:""\f2a0""}.fa-photo-video:before{content:""\f87c""}.fa-php:before{content:""\f457""}.fa-pied-piper:before{content:""\f2ae""}.fa-pied-piper-alt:before{content:""\f1a8""}.fa-pied-piper-hat:before{content:""\f4e5""}.fa-pied-piper-pp:before{content:""\f1a7""}.fa-pied-piper-square:before{content:""\e01e""}.fa-piggy-bank:before{content:""\f4d3""}.fa-pills:before{content:""\f484""}.fa-pinterest:before{content:""\f0d2""}.fa-pinterest-p:before{content:""\f231""}.fa-pinterest-square:before{content:""\f0d3""}.fa-pizza-slice:before{content:""\f818""}.fa-place-of-worship:before{content:""\f67f""}.fa-plane:before{content:""\f072""}.fa-plane-arrival:before{content:""\f5af""}.fa-plane-departure:before{content:""\f5b0""}.fa-plane-slash:before{content:""\e069""}.fa-play:before{content:""\f04b""}.fa-play-circle:before{content:""\f144""}.fa-playstation:before{content:""\f3df""}.fa-plug:before{content:""\f1e6""}.fa-plus:before{content:""\f067""}.fa-plus-circle:before{content:""\f055""}.fa-plus-square:before{content:""\f0fe""}.fa-podcast:before{content:""\f2ce""}.fa-poll:before{content:""\f681""}.fa-poll-h:before{content:""\f682""}.fa-poo:before{content:""\f2fe""}.fa-poo-storm:before{content:""\f75a""}.fa-poop:before{content:""\f619""}.fa-portrait:before{content:""\f3e0""}.fa-pound-sign:before{content:""\f154""}.fa-power-off:before{content:""\f011""}.fa-pray:before{content:""\f683""}.fa-praying-hands:before{content:""\f684""}.fa-prescription:before{content:""\f5b1""}.fa-prescription-bottle:before{content:""\f485""}.fa-prescription-bottle-alt:before{content:""\f486""}.fa-print:before{content:""\f02f""}.fa-procedures:before{content:""\f487""}.fa-product-hunt:before{content:""\f288""}.fa-project-diagram:before{content:""\f542""}.fa-pump-medical:before{content:""\e06a""}.fa-pump-soap:before{content:""\e06b""}.fa-pushed:before{content:""\f3e1""}.fa-puzzle-piece:before{content:""\f12e""}.fa-python:before{content:""\f3e2""}.fa-qq:before{content:""\f1d6""}.fa-qrcode:before{content:""\f029""}.fa-question:before{content:""\f128""}.fa-question-circle:before{content:""\f059""}.fa-quidditch:before{content:""\f458""}.fa-quinscape:before{content:""\f459""}.fa-quora:before{content:""\f2c4""}.fa-quote-left:before{content:""\f10d""}.fa-quote-right:before{content:""\f10e""}.fa-quran:before{content:""\f687""}.fa-r-project:before{content:""\f4f7""}.fa-radiation:before{content:""\f7b9""}.fa-radiation-alt:before{content:""\f7ba""}.fa-rainbow:before{content:""\f75b""}.fa-random:before{content:""\f074""}.fa-raspberry-pi:before{content:""\f7bb""}.fa-ravelry:before{content:""\f2d9""}.fa-react:before{content:""\f41b""}.fa-reacteurope:before{content:""\f75d""}.fa-readme:before{content:""\f4d5""}.fa-rebel:before{content:""\f1d0""}.fa-receipt:before{content:""\f543""}.fa-record-vinyl:before{content:""\f8d9""}.fa-recycle:before{content:""\f1b8""}.fa-red-river:before{content:""\f3e3""}.fa-reddit:before{content:""\f1a1""}.fa-reddit-alien:before{content:""\f281""}.fa-reddit-square:before{content:""\f1a2""}.fa-redhat:before{content:""\f7bc""}.fa-redo:before{content:""\f01e""}.fa-redo-alt:before{content:""\f2f9""}.fa-registered:before{content:""\f25d""}.fa-remove-format:before{content:""\f87d""}.fa-renren:before{content:""\f18b""}.fa-reply:before{content:""\f3e5""}.fa-reply-all:before{content:""\f122""}.fa-replyd:before{content:""\f3e6""}.fa-republican:before{content:""\f75e""}.fa-researchgate:before{content:""\f4f8""}.fa-resolving:before{content:""\f3e7""}.fa-restroom:before{content:""\f7bd""}.fa-retweet:before{content:""\f079""}.fa-rev:before{content:""\f5b2""}.fa-ribbon:before{content:""\f4d6""}.fa-ring:before{content:""\f70b""}.fa-road:before{content:""\f018""}.fa-robot:before{content:""\f544""}.fa-rocket:before{content:""\f135""}.fa-rocketchat:before{content:""\f3e8""}.fa-rockrms:before{content:""\f3e9""}.fa-route:before{content:""\f4d7""}.fa-rss:before{content:""\f09e""}.fa-rss-square:before{content:""\f143""}.fa-ruble-sign:before{content:""\f158""}.fa-ruler:before{content:""\f545""}.fa-ruler-combined:before{content:""\f546""}.fa-ruler-horizontal:before{content:""\f547""}.fa-ruler-vertical:before{content:""\f548""}.fa-running:before{content:""\f70c""}.fa-rupee-sign:before{content:""\f156""}.fa-rust:before{content:""\e07a""}.fa-sad-cry:before{content:""\f5b3""}.fa-sad-tear:before{content:""\f5b4""}.fa-safari:before{content:""\f267""}.fa-salesforce:before{content:""\f83b""}.fa-sass:before{content:""\f41e""}.fa-satellite:before{content:""\f7bf""}.fa-satellite-dish:before{content:""\f7c0""}.fa-save:before{content:""\f0c7""}.fa-schlix:before{content:""\f3ea""}.fa-school:before{content:""\f549""}.fa-screwdriver:before{content:""\f54a""}.fa-scribd:before{content:""\f28a""}.fa-scroll:before{content:""\f70e""}.fa-sd-card:before{content:""\f7c2""}.fa-search:before{content:""\f002""}.fa-search-dollar:before{content:""\f688""}.fa-search-location:before{content:""\f689""}.fa-search-minus:before{content:""\f010""}.fa-search-plus:before{content:""\f00e""}.fa-searchengin:before{content:""\f3eb""}.fa-seedling:before{content:""\f4d8""}.fa-sellcast:before{content:""\f2da""}.fa-sellsy:before{content:""\f213""}.fa-server:before{content:""\f233""}.fa-servicestack:before{content:""\f3ec""}.fa-shapes:before{content:""\f61f""}.fa-share:before{content:""\f064""}.fa-share-alt:before{content:""\f1e0""}.fa-share-alt-square:before{content:""\f1e1""}.fa-share-square:before{content:""\f14d""}.fa-shekel-sign:before{content:""\f20b""}.fa-shield-alt:before{content:""\f3ed""}.fa-shield-virus:before{content:""\e06c""}.fa-ship:before{content:""\f21a""}.fa-shipping-fast:before{content:""\f48b""}.fa-shirtsinbulk:before{content:""\f214""}.fa-shoe-prints:before{content:""\f54b""}.fa-shopify:before{content:""\e057""}.fa-shopping-bag:before{content:""\f290""}.fa-shopping-basket:before{content:""\f291""}.fa-shopping-cart:before{content:""\f07a""}.fa-shopware:before{content:""\f5b5""}.fa-shower:before{content:""\f2cc""}.fa-shuttle-van:before{content:""\f5b6""}.fa-sign:before{content:""\f4d9""}.fa-sign-in-alt:before{content:""\f2f6""}.fa-sign-language:before{content:""\f2a7""}.fa-sign-out-alt:before{content:""\f2f5""}.fa-signal:before{content:""\f012""}.fa-signature:before{content:""\f5b7""}.fa-sim-card:before{content:""\f7c4""}.fa-simplybuilt:before{content:""\f215""}.fa-sink:before{content:""\e06d""}.fa-sistrix:before{content:""\f3ee""}.fa-sitemap:before{content:""\f0e8""}.fa-sith:before{content:""\f512""}.fa-skating:before{content:""\f7c5""}.fa-sketch:before{content:""\f7c6""}.fa-skiing:before{content:""\f7c9""}.fa-skiing-nordic:before{content:""\f7ca""}.fa-skull:before{content:""\f54c""}.fa-skull-crossbones:before{content:""\f714""}.fa-skyatlas:before{content:""\f216""}.fa-skype:before{content:""\f17e""}.fa-slack:before{content:""\f198""}.fa-slack-hash:before{content:""\f3ef""}.fa-slash:before{content:""\f715""}.fa-sleigh:before{content:""\f7cc""}.fa-sliders-h:before{content:""\f1de""}.fa-slideshare:before{content:""\f1e7""}.fa-smile:before{content:""\f118""}.fa-smile-beam:before{content:""\f5b8""}.fa-smile-wink:before{content:""\f4da""}.fa-smog:before{content:""\f75f""}.fa-smoking:before{content:""\f48d""}.fa-smoking-ban:before{content:""\f54d""}.fa-sms:before{content:""\f7cd""}.fa-snapchat:before{content:""\f2ab""}.fa-snapchat-ghost:before{content:""\f2ac""}.fa-snapchat); financing offered: no; 24/7 or emergency service: yes",
105,https://vlsgoldstandard.com,Construction and Restoration Services by VLS,ok,The website does not feature a clear service list with descriptions or prices for its construction and restoration offerings.,"Potential clients may find it difficult to understand what specific services are available and how much they will cost, which could lead to hesitation in reaching out for a quote.",We would create a detailed service page that outlines each service with descriptions and pricing to improve transparency and encourage customer inquiries.,online booking / scheduling: no; phone number visible: yes; contact form: no; prices shown ($ amounts): no; reviews or testimonials on site: yes; live chat / text widget: no; financing offered: no; 24/7 or emergency service: no,
106,https://integrityroofingnc.com,"Roofing Company in Hickory, NC | Free Roof Inspection",ok,The website does not provide specific pricing for roofing services.,"Potential customers may hesitate to request a quote without knowing the cost upfront, leading to fewer inquiries and lost business opportunities.",Implement a pricing page or clear price structure for services on the website.,online booking / scheduling: yes (GET FREE QUOTE); phone number visible: yes; contact form: yes; prices shown ($ amounts): no; reviews or testimonials on site: yes; live chat / text widget: yes (leadconnector); financing offered: yes; 24/7 or emergency service: yes,
107,https://compassplumbinganddrain.com,Residential Commercial Plumber Sumner Puyallup | Compass Plumbing & Drain,ok,Compass Plumbing & Drain does not provide a service list with descriptions or prices on its website.,"Potential customers may be unsure about what specific plumbing services are available and how much they might cost, leading to decision paralysis or reduced inquiries.",Create a detailed service list with descriptions and pricing information to help customers make informed choices.,online booking / scheduling: no; phone number visible: yes; contact form: no; prices shown ($ amounts): no; reviews or testimonials on site: no; live chat / text widget: no; financing offered: yes; 24/7 or emergency service: yes,
108,https://sceniccommercialroofing.com,"Commercial Roofing Company Chattanooga TN, McArthur Ohio",ok,The website does not list any prices for the commercial roofing services offered.,"Prospective customers may hesitate to request a quote without knowing the potential costs upfront, possibly leading to fewer inquiries. This lack of price transparency can create uncertainty about choosing Scenic Commercial Roofing over competitors.",Add a transparent pricing section to the website to inform potential customers about the cost of services.,online booking / scheduling: yes (GET A QUOTE); phone number visible: yes; contact form: yes; prices shown ($ amounts): no; reviews or testimonials on site: yes; live chat / text widget: no; financing offered: no; 24/7 or emergency service: no,
109,https://brooklynplumbingsupply.com,Brooklyn Plumbing Supply,ok,The website does not display any prices for the plumbing supplies and services offered.,"This lack of pricing information may lead to uncertainty for customers, making them hesitant to make a purchase or visit the store without knowing if they can afford the products.",Create a clear pricing structure and display it prominently on the website to help customers make informed decisions.,online booking / scheduling: no; phone number visible: yes; contact form: yes; prices shown ($ amounts): no; reviews or testimonials on site: yes; live chat / text widget: no; financing offered: no; 24/7 or emergency service: no,
110,https://missionroof.com,Roofing & Exterior Remodeling in Northern Virginia,ok,The website does not provide an online booking option for scheduling roofing services.,"This absence may lead to potential customers being unable to easily arrange consultations or service appointments, possibly resulting in lost revenue for the business.",Implement an online booking system to streamline appointment scheduling for customers.,online booking / scheduling: no; phone number visible: no; contact form: no; prices shown ($ amounts): no; reviews or testimonials on site: yes; live chat / text widget: no; financing offered: no; 24/7 or emergency service: no,
111,https://callcontrolpoint.com,"HVAC, Plumbing, & Electrical Company Near You in Shrewsbury, MA - Control Point Heating • Cooling • Plumbing • Electric",ok,The website does not display any prices for its services.,"Potential customers may be hesitant to request quotes or book services without knowing the costs involved, leading to fewer conversions.",We would implement a pricing page or integrate pricing details into the service descriptions to improve transparency.,online booking / scheduling: yes (GET A FREE QUOTE); phone number visible: yes; contact form: yes; prices shown ($ amounts): no; reviews or testimonials on site: yes; live chat / text widget: no; financing offered: yes; 24/7 or emergency service: no,
112,https://mullerheatingandplumbing.com,Home,ok,Muller Heating and Plumbing does not provide an online booking system for scheduling services.,"Without online booking, potential customers may find it inconvenient to arrange appointments, leading to missed service opportunities. This could also increase the likelihood of losing customers to competitors who offer easier scheduling options.",Implement an online booking flow to streamline appointment scheduling for customers.,online booking / scheduling: no; phone number visible: yes; contact form: no; prices shown ($ amounts): no; reviews or testimonials on site: yes; live chat / text widget: no; financing offered: no; 24/7 or emergency service: yes,
113,https://merrittroofing.com,"Roofing Company | South Carolina, North Carolina | Merritt Roofing",ok,Merritt Roofing does not provide a price list for its services online.,"Potential customers may hesitate to request a quote without knowing the pricing upfront, which could lead to lost business opportunities. This lack of transparency may create uncertainty about the affordability of their services.",Create a detailed service and pricing page to improve transparency and encourage potential customers to engage.,online booking / scheduling: yes (REQUEST QUOTE); phone number visible: yes; contact form: yes; prices shown ($ amounts): no; reviews or testimonials on site: yes; live chat / text widget: yes (chat-widget); financing offered: yes; 24/7 or emergency service: no,
114,https://tarponroofing.com,Commercial Roof Restoration | Tarpon Roofing Solutions,ok,"Tarpon Roofing Solutions provides services including roof leak repairs, roof restorations, and gutter system remediation but does not display any prices on their website.","This lack of pricing information may leave potential customers uncertain about costs, leading to hesitance in reaching out for a quote. Patrons may compare it unfavorably against competitors who are more transparent with their pricing.",We would implement a clear pricing page or incorporate price ranges for services directly into the service descriptions.,online booking / scheduling: yes (REQUEST QUOTE); phone number visible: yes; contact form: yes; prices shown ($ amounts): no; reviews or testimonials on site: yes; live chat / text widget: no; financing offered: no; 24/7 or emergency service: no,
115,https://dohenyplumbing.net,Orange County Plumber - 24/7 Service | Doheny Plumbing,ok,Doheny Plumbing does not provide an online booking system on their website.,"Without an online booking option, prospective customers may find it more difficult to schedule services, potentially leading to lost business during off-hours or for urgent repairs.",Implement an online booking flow to allow customers to easily schedule plumbing services at their convenience.,online booking / scheduling: no; phone number visible: yes; contact form: no; prices shown ($ amounts): no; reviews or testimonials on site: yes; live chat / text widget: no; financing offered: no; 24/7 or emergency service: yes,
116,https://kelleynotes.com,The Kelley Group,ok,"The Kelley Group does not provide a way for customers to contact them online, with no contact form or visible phone number available on their website.","Potential customers may find it difficult to inquire about services or engage with the business, which could lead to missed opportunities for communication and business.",Implement an online contact form and visible phone number on the website.,online booking / scheduling: no; phone number visible: no; contact form: no; prices shown ($ amounts): no; reviews or testimonials on site: no; live chat / text widget: no; financing offered: no; 24/7 or emergency service: no,
117,https://newgenroofing.com,"New Gen Roofing and Exteriors | Three generations of Colorado roofing craftmanship built on trust, integrity, and exceptional workmanship.",ok,The website does not display any customer reviews or testimonials.,Potential customers may be hesitant to choose the services without seeing evidence of past successful projects or client satisfaction. This lack of social proof can lead to lower trust and reduced inquiries.,Implement a review-request automation to gather and display testimonials on the site.,online booking / scheduling: yes (Get a Free Estimate); phone number visible: yes; contact form: yes; prices shown ($ amounts): no; reviews or testimonials on site: no; live chat / text widget: no; financing offered: no; 24/7 or emergency service: no,
118,https://hubbsheating.com,"Heating Service, Furnace Repair, Heating Installation & Air Conditioner Service | Lancaster, OH, Logan, OH, Pickerington, OH, Pleasantville, OH, Hide-A-Way Hills, OH & Bremen, OH | Hubbs Heating & Air",ok,"Hubbs Heating & Air promotes 24/7 emergency HVAC services to clients in Lancaster, Pickerington, and Logan, OH.","This availability can reassure customers that they will receive timely assistance in urgent situations, contributing to their peace of mind. It may encourage potential clients who prioritize quick response times for HVAC emergencies.",Highlight and optimize the 24/7 emergency service on the website to enhance visibility and attract more clients in need of urgent support.,online booking / scheduling: yes (housecallpro); phone number visible: yes; contact form: no; prices shown ($ amounts): yes; reviews or testimonials on site: yes; live chat / text widget: no; financing offered: yes; 24/7 or emergency service: yes,
119,https://hancockplumbing.com,"Hancock Plumbing | Naples, FL Plumbing Contractor",ok,Hancock Plumbing does not provide an online booking or scheduling option for services on their website.,"Potential customers may find it inconvenient to schedule services, leading to missed opportunities for the business to convert leads into booked appointments.",Implement an online booking system to streamline the appointment scheduling process for customers.,online booking / scheduling: no; phone number visible: yes; contact form: yes; prices shown ($ amounts): no; reviews or testimonials on site: yes; live chat / text widget: no; financing offered: no; 24/7 or emergency service: no,
120,https://arizonapristineroofing.com,Reliable Roof Repair Services in Arizona - Pristine Roofing,ok,"Pristine Roofing promotes a 'Monsoon Special' offering $1,200 off full roof replacement services.","This seasonal promotion could encourage potential customers to act quickly, especially those in need of roof replacements before or during monsoon season. It clearly highlights the urgency and value of timely roof service.",Promote this offer more prominently on the homepage and across social media to increase visibility and drive inquiries.,online booking / scheduling: yes (Get a Free Quote); phone number visible: yes; contact form: yes; prices shown ($ amounts): yes; reviews or testimonials on site: yes; live chat / text widget: no; financing offered: yes; 24/7 or emergency service: yes,
121,https://superiorroofing-remodeling.com,Roofing Contractors Wausau | Superior Roofing & Remodeling,ok,The website does not display prices for its roofing and remodeling services.,"Potential customers may find it difficult to budget for services or compare costs with competitors, leading to hesitation in making inquiries.",Add a clear pricing page or detailed service descriptions with estimated costs to improve transparency for customers.,online booking / scheduling: yes (Request Quote); phone number visible: yes; contact form: yes; prices shown ($ amounts): no; reviews or testimonials on site: yes; live chat / text widget: no; financing offered: no; 24/7 or emergency service: no,
122,https://calltitanz.com,Port Charlotte Plumbing & HVAC | Installation Maintenance Repairs - Titanz Plumbing & Air Conditioning | Plumber & AC Repair in Southwest Florida,ok,The website does not provide a clear list of service prices for plumbing and HVAC services.,"Potential customers may hesitate to contact the business if they cannot quickly determine the cost of services, leading to lost inquiries and potential revenue.",We would create a detailed service pricing page to transparently communicate costs to prospective customers.,online booking / scheduling: yes (servicetitan); phone number visible: yes; contact form: yes; prices shown ($ amounts): no; reviews or testimonials on site: yes; live chat / text widget: no; financing offered: yes; 24/7 or emergency service: yes,
123,https://masters-roofs.com,Masters Roofing,ok,Masters Roofing does not list any prices for their roofing services on their website.,"Potential customers may be deterred from contacting the company if they cannot determine the affordability of services beforehand, which can lead to lower inquiry rates.",Develop a pricing page that outlines the costs associated with different roofing services to provide transparency to prospective customers.,online booking / scheduling: no; phone number visible: yes; contact form: yes; prices shown ($ amounts): no; reviews or testimonials on site: yes; live chat / text widget: no; financing offered: no; 24/7 or emergency service: yes,
124,https://cgplumbing.com,"Plumber Longmont, CO | Colorado Green Plumbing, Heating & Cooling",ok,The website does not display any prices for the services offered.,"Prospective customers may feel uncertain about the costs associated with hiring Colorado Green Plumbing, Heating & Cooling, which could lead to delays in decision-making or a lack of trust.",We would create a pricing page that outlines costs for various services to enhance transparency and encourage customer inquiries.,online booking / scheduling: yes (housecallpro); phone number visible: yes; contact form: no; prices shown ($ amounts): no; reviews or testimonials on site: no; live chat / text widget: no; financing offered: no; 24/7 or emergency service: no,
125,https://rrrvrepair.com,RV Repair Northern Colorado; Expert RV Repair Services,ok,R&R RV Repair does not provide pricing information for their services on their website.,"Potential customers may find it difficult to assess whether they can afford the services before making contact, possibly leading to fewer inquiries or appointments. This lack of transparency can create hesitation during the decision-making process.",Add clear pricing information for services directly on the website to improve transparency and encourage more bookings.,online booking / scheduling: yes (Book An Appointment); phone number visible: yes; contact form: yes; prices shown ($ amounts): no; reviews or testimonials on site: yes; live chat / text widget: no; financing offered: no; 24/7 or emergency service: no,
126,https://acostamfg.com,"Acosta Sheet Metal Manufacturing | San Jose, CA",ok,Acosta Sheet Metal Manufacturing does not provide a service list with descriptions or prices on its website.,"Potential customers cannot easily understand the offerings or make informed purchasing decisions, which may lead to reduced inquiries or sales.",Create a detailed service list with descriptions and pricing to enhance customer understanding and engagement.,"online booking / scheduling: no; phone number visible: no; contact form: no; prices shown ($ amounts): no; reviews or testimonials on site: no; live chat / text widget: yes (HubSpot by SyncSmart"",""appDefinitionId"":""ed02abe7-222c-44f6-ae68-8901c9bd5f7e"",""isWixTPA"":false,""allowScrolling"":false},""d41e71ed-6823-4fdb-b3ed-5d50b2e7226f"":{""widgetUrl"":""\/"",""appPage"":{},""applicationId"":40,""appDefinitionName"":""Usercentrics for Wix"",""appDefinitionId"":""b8cfbda5-91e8-45ad-8c8d-4d4700534ab5"",""isWixTPA"":false,""allowScrolling"":false},""87c5d7cd-ff07-4753-9e35-29134b475bad"":{""widgetUrl"":""\/"",""appPage"":{},""applicationId"":41,""appDefinitionName"":""CookieYes GDPR Cookie Banner"",""appDefinitionId"":""b7fc209f-2815-499e-bced-67d831d6e807"",""isWixTPA"":false,""allowScrolling"":false},""d925427a-dc06-43f5-ad13-ae1f692f0feb"":{""widgetUrl"":""https:\/\/static.parastorage.com\/services\/cookie-consent-ccpa-link\/1.155.0\/editor\/DoNotSellMyData.html"",""mobileUrl"":""https:\/\/static.parastorage.com\/services\/cookie-consent-ccpa-link\/1.155.0\/editor\/DoNotSellMyData.html"",""tpaWidgetId"":""d925427a-dc06-43f5-ad13-ae1f692f0feb"",""appPage"":{},""applicationId"":42,""appDefinitionName"":""Do Not Sell Data "",""appDefinitionId"":""2a617b40-167a-4325-9a9f-58396cf47b93"",""isWixTPA"":true,""allowScrolling"":false},""24971ad2-9175-497d-80c4-89167d09c2a9"":{""widgetUrl"":""\/"",""appPage"":{},""applicationId"":44,""appDefinitionName"":""Facebook Ads"",""appDefinitionId"":""4e0b3af1-73a5-4482-b1fb-87ca6c18905c"",""isWixTPA"":true,""allowScrolling"":false},""13413a43-5f07-2918-9924-bc7506a64d36"":{""widgetUrl"":""https:\/\/wix-visual-data.appspot.com\/index"",""mobileUrl"":""https:\/\/wix-visual-data.appspot.com\/mobile"",""tpaWidgetId"":""visual_data"",""appPage"":{},""applicationId"":45,""appDefinitionName"":""Table Master"",""appDefinitionId"":""134139f3-f2a0-2c2c-693c-ed22165cfd84"",""isWixTPA"":true,""allowScrolling"":false},""142bb34d-3439-576a-7118-683e690a1e0d"":{""widgetUrl"":""https:\/\/progallery.wixapps.net\/gallery.html"",""mobileUrl"":""https:\/\/progallery.wixapps.net\/gallery.html"",""tpaWidgetId"":""pro-gallery"",""appPage"":{},""applicationId"":1702,""appDefinitionName"":""Wix Pro Gallery"",""appDefinitionId"":""14271d6f-ba62-d045-549b-ab972ae1f70e"",""isWixTPA"":true,""allowScrolling"":false},""144f04b9-aab4-fde7-179b-780c11da4f46"":{""widgetUrl"":""https:\/\/progallery.wixapps.net\/fullscreen"",""mobileUrl"":""https:\/\/progallery.wixapps.net\/fullscreen"",""appPage"":{""id"":""fullscreen_page"",""name"":""Fullscreen Page"",""defaultPage"":"""",""hidden"":true,""multiInstanceEnabled"":false,""order"":1,""indexable"":true,""fullPage"":true,""landingPageInMobile"":false,""hideFromMenu"":true},""applicationId"":1702,""appDefinitionName"":""Wix Pro Gallery"",""appDefinitionId"":""14271d6f-ba62-d045-549b-ab972ae1f70e"",""isWixTPA"":true,""allowScrolling"":true},""14517f3f-ffc5-eced-f592-980aaa0bbb5c"":{""widgetUrl"":""https:\/\/engage.wixapps.net\/chat-widget-server\/renderChatWidget\/index"",""tpaWidgetId"":""wix_visitors"",""appPage"":{},""applicationId"":2064,""appDefinitionName"":""Wix Chat"",""appDefinitionId"":""14517e1a-3ff0-af98-408e-2bd6953c36a2"",""isWixTPA"":true,""allowScrolling"":false},""3e986f2b-6126-4ba0-8415-b375e9d61c52"":{""widgetUrl"":""\/"",""appPage"":{},""applicationId"":2485,""appDefinitionName"":""Old Wix Forms and Payments"",""appDefinitionId"":""14ce1214-b278-a7e4-1373-00cebd1bef7c"",""isWixTPA"":true,""allowScrolling"":false},""144097ea-fea0-498e-ade7-e6de40127106"":{""widgetUrl"":""https:\/\/editor.wixapps.net\/render\/prod\/editor\/wix-vod-widget\/1.4653.0\/WixVideo"",""mobileUrl"":""https:\/\/editor.wixapps.net\/render\/prod\/editor\/wix-vod-widget\/1.4653.0\/WixVideo"",""tpaWidgetId"":""wix_vod_develop"",""appPage"":{},""applicationId"":5582,""appDefinitionName"":""Wix Video"",""appDefinitionId"":""14409595-f076-4753-8303-9a86f9f71469"",""isWixTPA"":true,""allowScrolling"":false}},""appsClientSpecMapData"":{""135c3d92-0fea-1f9d-2ba5-2a1dfb04297e"":{""applicationId"":11,""appDefinitionName"":""ShoutOut (Legacy)"",""appFields"":{""premiumBundle"":{""parentAppSlug"":""ee21fe60-48c5-45e9-95f4-6ca8f9b1c9d9"",""parentAppId"":""ee21fe60-48c5-45e9-95f4-6ca8f9b1c9d9""},""permissionsEnforced"":false,""blocksPermissionsEnforced"":false,""isStandalone"":true,""semanticVersion"":""^0.4125.0"",""hipaaCompliant"":true},""isWixTPA"":true},""54d07982-52fa-4565-861e-7d7472ae99b7"":{""applicationId"":26,""appDefinitionName"":""CallRail"",""appFields"":{""permissionsEnforced"":true,""blocksPermissionsEnforced"":false,""isStandalone"":true,""semanticVersion"":""^5.0.0"",""installedVersion"":""^5.0.0""},""isWixTPA"":false},""ed02abe7-222c-44f6-ae68-8901c9bd5f7e"":{""applicationId"":35,""appDefinitionName"":""HubSpot by SyncSmart"",""appFields"":{""permissionsEnforced"":true,""blocksPermissionsEnforced"":false,""isStandalone"":true,""semanticVersion"":""^9.1.0"",""installedVersion"":""^9.0.0""},""isWixTPA"":false},""b8cfbda5-91e8-45ad-8c8d-4d4700534ab5"":{""applicationId"":40,""appDefinitionName"":""Usercentrics for Wix"",""appFields"":{""permissionsEnforced"":true,""blocksPermissionsEnforced"":false,""isStandalone"":true,""semanticVersion"":""^6.0.0"",""installedVersion"":""^6.0.0""},""isWixTPA"":false},""b7fc209f-2815-499e-bced-67d831d6e807"":{""applicationId"":41,""appDefinitionName"":""CookieYes GDPR Cookie Banner"",""appFields"":{""permissionsEnforced"":true,""blocksPermissionsEnforced"":false,""isStandalone"":true,""semanticVersion"":""^2.6.0"",""installedVersion"":""^2.0.0""},""isWixTPA"":false},""2a617b40-167a-4325-9a9f-58396cf47b93"":{""applicationId"":42,""appDefinitionName"":""Do Not Sell Data "",""appFields"":{""platform"":{""baseUrls"":{""staticsBaseUrl"":""https:\/\/static.parastorage.com\/services\/cookie-consent-ccpa-link\/1.155.0"",""staticsEditorBaseUrl"":""https:\/\/static.parastorage.com\/services\/cookie-consent-ccpa-link\/1.155.0""},""baseUrlsTemplate"":{""staticsBaseUrl"":""<%= serviceUrl('cookie-consent-ccpa-link', '\/') %>""},""margins"":{""desktop"":{""top"":{""type"":""PX"",""value"":0},""right"":{""type"":""PX"",""value"":0},""bottom"":{""type"":""PX"",""value"":0},""left"":{""type"":""PX"",""value"":0}}},""editorScriptUrl"":""https:\/\/static.parastorage.com\/services\/cookie-consent-ccpa-link\/1.155.0\/editorScript.bundle.min.js"",""viewerScriptUrlTemplate"":""<%= serviceUrl('cookie-consent-ccpa-link', 'viewerScript.bundle.min.js') %>"",""isStretched"":{""desktop"":false,""tablet"":false,""mobile"":false},""docking"":{""desktop"":{""horizontal"":""HCENTER"",""vertical"":""TOP_DOCKING""}},""viewerScriptUrl"":""https:\/\/static.parastorage.com\/services\/cookie-consent-ccpa-link\/1.155.0\/viewerScript.bundle.min.js""},""permissionsEnforced"":false,""blocksPermissionsEnforced"":false,""isStandalone"":true,""semanticVersion"":""^0.0.0""},""isWixTPA"":true},""4e0b3af1-73a5-4482-b1fb-87ca6c18905c"":{""applicationId"":44,""appDefinitionName"":""Facebook Ads"",""appFields"":{""permissionsEnforced"":false,""blocksPermissionsEnforced"":false,""isStandalone"":true,""semanticVersion"":""^0.357.0"",""hipaaCompliant"":true},""isWixTPA"":true},""134139f3-f2a0-2c2c-693c-ed22165cfd84"":{""applicationId"":45,""appDefinitionName"":""Table Master"",""appFields"":{""permissionsEnforced"":false,""blocksPermissionsEnforced"":false,""isStandalone"":true,""semanticVersion"":""^0.20.0"",""hipaaCompliant"":true,""installedVersion"":""^0.0.0""},""isWixTPA"":true},""14271d6f-ba62-d045-549b-ab972ae1f70e"":{""applicationId"":1702,""appDefinitionName"":""Wix Pro Gallery"",""appFields"":{""permissionsEnforced"":false,""blocksPermissionsEnforced"":false,""isStandalone"":true,""semanticVersion"":""^0.980.0"",""hipaaCompliant"":true,""platform"":{""baseUrls"":{""siteAssets"":""{urlTemplate: {siteAssets}?siteId=ce7fd828-85c4-4b73-a390-d293eae32cec&metaSiteId=5af77ffc-cae0-4550-8a1e-4a85ff049a48&siteRevision=25"",""blocks_widgetManifestsUrl"":""\/manifests\/14271d6f-ba62-d045-549b-ab972ae1f70e\/25\/manifests.json"",""santaWrapperBaseUrl"":""https:\/\/static.parastorage.com\/services\/pro-gallery-tpa\/1.1533.0\/""},""margins"":{""desktop"":{""top"":{},""right"":{},""bottom"":{},""left"":{}},""tablet"":{""top"":{},""right"":{},""bottom"":{},""left"":{}},""mobile"":{""top"":{},""right"":{},""bottom"":{},""left"":{}}},""height"":{""desktop"":{},""tablet"":{},""mobile"":{}},""cloneAppDataUrl"":""https:\/\/progallery.wixapps.net\/_api\/gallery\/clone"",""editorScriptUrl"":""https:\/\/static.parastorage.com\/services\/pro-gallery-tpa\/1.1533.0\/editorScript.bundle.min.js"",""docking"":{""desktop"":{},""tablet"":{},""mobile"":{}},""viewerScriptUrl"":""https:\/\/static.parastorage.com\/services\/pro-gallery-tpa\/1.1533.0\/viewerScript.bundle.min.js"",""errorReporting"":{""url"":""https:\/\/8eb368c655b84e029ed79ad7a5c1718e@sentry.wixpress.com\/3427""},""width"":{""desktop"":{},""tablet"":{},""mobile"":{}},""shouldCloneDataPerComponent"":true,""viewer"":{""errorReporting"":{""url"":""https:\/\/8eb368c655b84e029ed79ad7a5c1718e@sentry.wixpress.com\/3427""}},""studio"":{""siteHeaderUrl"":""a7dbf879980a8e90e03d649b6f48fac4_r3.json"",""wixCodeGridId"":""71869e96-79b7-49b9-b6f9-e32bcf00ac52"",""wixCodeInstanceId"":""4655355b-4814-4846-b82a-e057f0df94a3""}}},""isWixTPA"":true},""14517e1a-3ff0-af98-408e-2bd6953c36a2"":{""applicationId"":2064,""appDefinitionName"":""Wix Chat"",""appFields"":{""platform"":{""optionalApplication"":true,""viewerScriptUrl"":""https:\/\/static.parastorage.com\/services\/chat-worker\/1.1239.0\/viewer-script.bundle.min.js"",""margins"":{""desktop"":{""top"":{},""right"":{},""bottom"":{},""left"":{}},""tablet"":{""top"":{},""right"":{},""bottom"":{},""left"":{}},""mobile"":{""top"":{},""right"":{},""bottom"":{},""left"":{}}},""height"":{""desktop"":{},""tablet"":{},""mobile"":{}},""editorScriptUrl"":""https:\/\/static.parastorage.com\/services\/chat-worker\/1.1239.0\/editor-script.bundle.min.js"",""isStretched"":{},""docking"":{""desktop"":{},""tablet"":{},""mobile"":{}},""errorReporting"":{},""width"":{""desktop"":{},""tablet"":{},""mobile"":{}},""viewer"":{""errorReporting"":{}}},""mostPopularPackage"":""Sales"",""premiumBundle"":{""parentAppSlug"":""ee21fe60-48c5-45e9-95f4-6ca8f9b1c9d9"",""parentAppId"":""ee21fe60-48c5-45e9-95f4-6ca8f9b1c9d9""},""featuresForNewPackagePicker"":[{""forPackages"":[{""value"":""50"",""packageId"":""Professional""},{""value"":""150"",""packageId"":""Sales""},{""value"":""Unlimited"",""packageId"":""Teams""}]},{""forPackages"":[{""value"":""true"",""packageId"":""Professional""},{""value"":""true"",""packageId"":""Sales""},{""value"":""true"",""packageId"":""Teams""}]},{""forPackages"":[{""value"":""true"",""packageId"":""Professional""},{""value"":""true"",""packageId"":""Sales""},{""value"":""true"",""packageId"":""Teams""}]},{""forPackages"":[{""value"":""true"",""packageId"":""Professional""},{""value"":""true"",""packageId"":""Sales""},{""value"":""true"",""packageId"":""Teams""}]},{""forPackages"":[{""value"":""true"",""packageId"":""Professional""},{""value"":""true"",""packageId"":""Sales""},{""value"":""true"",""packageId"":""Teams""}]},{""forPackages"":[{""value"":""true"",""packageId"":""Professional""},{""value"":""true"",""packageId"":""Sales""},{""value"":""true"",""packageId"":""Teams""}]},{""forPackages"":[{""value"":""true"",""packageId"":""Professional""},{""value"":""true"",""packageId"":""Sales""},{""value"":""true"",""packageId"":""Teams""}]},{""forPackages"":[{""value"":""true"",""packageId"":""Professional""},{""value"":""true"",""packageId"":""Sales""},{""value"":""true"",""packageId"":""Teams""}]},{""forPackages"":[{""value"":""true"",""packageId"":""Sales""},{""value"":""true"",""packageId"":""Teams""}]},{""forPackages"":[{""value"":""true"",""packageId"":""Teams""}]}],""permissionsEnforced"":false,""blocksPermissionsEnforced"":false,""isStandalone"":true,""semanticVersion"":""^0.195.0"",""hipaaCompliant"":true},""isWixTPA"":true},""14ce1214-b278-a7e4-1373-00cebd1bef7c"":{""applicationId"":2485,""appDefinitionName"":""Old Wix Forms and Payments"",""appFields"":{""platform"":{""hasDashboardComponent"":true,""viewerScriptUrl"":""https:\/\/static.parastorage.com\/services\/forms-viewer\/1.883.0\/viewerScript.bundle.min.js"",""editorScriptUrl"":""https:\/\/static.parastorage.com\/services\/wix-form-builder\/1.5878.0\/editor-app.bundle.min.js"",""margins"":{""desktop"":{""top"":{""type"":""PX"",""value"":0},""right"":{""type"":""PX"",""value"":0},""bottom"":{""type"":""PX"",""value"":0},""left"":{""type"":""PX"",""value"":0}},""tablet"":{""top"":{},""right"":{},""bottom"":{},""left"":{}},""mobile"":{""top"":{},""right"":{},""bottom"":{},""left"":{}}},""height"":{""desktop"":{},""tablet"":{},""mobile"":{}},""docking"":{""desktop"":{""horizontal"":""HCENTER"",""vertical"":""TOP_DOCKING""},""tablet"":{},""mobile"":{}},""errorReporting"":{},""width"":{""desktop"":{},""tablet"":{},""mobile"":{}},""viewer"":{""errorReporting"":{}}},""mostPopularPackage"":""Mid_Range"",""premiumBundle"":{""parentAppSlug"":""ee21fe60-48c5-45e9-95f4-6ca8f9b1c9d9"",""parentAppId"":""ee21fe60-48c5-45e9-95f4-6ca8f9b1c9d9""},""featuresForNewPackagePicker"":[{""forPackages"":[{""value"":""Unlimited"",""packageId"":""Basic""},{""value"":""Unlimited"",""packageId"":""Mid_Range""},{""value"":""Unlimited"",""packageId"":""Pro""}]},{""forPackages"":[{""value"":""true"",""packageId"":""Basic""},{""value"":""true"",""packageId"":""Mid_Range""},{""value"":""true"",""packageId"":""Pro""}]},{""forPackages"":[{""value"":""100MB Storage"",""packageId"":""Basic""},{""value"":""1GB Storage"",""packageId"":""Mid_Range""},{""value"":""10GB Storage"",""packageId"":""Pro""}]},{""forPackages"":[{""value"":""10 Forms"",""packageId"":""Basic""},{""value"":""100 Forms"",""packageId"":""Mid_Range""},{""value"":""Unlimited"",""packageId"":""Pro""}]},{""forPackages"":[{""value"":""1000 Submissions\/month"",""packageId"":""Basic""},{""value"":""5000 Submissions\/month"",""packageId"":""Mid_Range""},{""value"":""Unlimited"",""packageId"":""Pro""}]},{""forPackages"":[{""value"":""1 User"",""packageId"":""Basic""},{""value"":""5 Users"",""packageId"":""Mid_Range""},{""value"":""Unlimited Users"",""packageId"":""Pro""}]},{""forPackages"":[{""value"":""true"",""packageId"":""Basic""},{""value"":""true"",""packageId"":""Mid_Range""},{""value"":""true"",""packageId"":""Pro""}]},{""forPackages"":[{""value"":""true"",""packageId"":""Basic""},{""value"":""true"",""packageId"":""Mid_Range""},{""value"":""true"",""packageId"":""Pro""}]},{""forPackages"":[{""value"":""true"",""packageId"":""Basic""},{""value"":""true"",""packageId"":""Mid_Range""},{""value"":""true"",""packageId"":""Pro""}]},{""forPackages"":[{""value"":""true"",""packageId"":""Basic""},{""value"":""true"",""packageId"":""Mid_Range""},{""value"":""true"",""packageId"":""Pro""}]},{""forPackages"":[{""value"":""true"",""packageId"":""Basic""},{""value"":""true"",""packageId"":""Mid_Range""},{""value"":""true"",""packageId"":""Pro""}]},{""forPackages"":[{""value"":""true"",""packageId"":""Basic""},{""value"":""true"",""packageId"":""Mid_Range""},{""value"":""true"",""packageId"":""Pro""}]},{""forPackages"":[{""value"":""true"",""packageId"":""Mid_Range""},{""value"":""true"",""packageId"":""Pro""}]}],""permissionsEnforced"":false,""blocksPermissionsEnforced"":false,""isStandalone"":true,""semanticVersion"":""^0.1268.0"",""hipaaCompliant"":false},""isWixTPA"":true},""14409595-f076-4753-8303-9a86f9f71469"":{""applicationId"":5582,""appDefinitionName"":""Wix Video"",""appFields"":{""platform"":{""baseUrls"":{""staticsBaseUrl"":""https:\/\/vod-server.wix.com\/""},""margins"":{""desktop"":{""top"":{""type"":""PX"",""value"":0},""right"":{""type"":""PX"",""value"":0},""bottom"":{""type"":""PX"",""value"":0},""left"":{""type"":""PX"",""value"":0}}},""editorScriptUrl"":""https:\/\/static.parastorage.com\/services\/wix-vod-widget\/1.4653.0\/editorScript.bundle.min.js"",""isStretched"":{""desktop"":false,""tablet"":false,""mobile"":false},""docking"":{""desktop"":{""horizontal"":""HCENTER"",""vertical"":""TOP_DOCKING""}},""viewerScriptUrl"":""https:\/\/static.parastorage.com\/services\/wix-vod-widget\/1.4653.0\/viewerScript.bundle.min.js""},""permissionsEnforced"":false,""blocksPermissionsEnforced"":false,""isStandalone"":true,""semanticVersion"":""^0.400.0"",""hipaaCompliant"":true},""isWixTPA"":true}},""previewMode"":false,""siteRevision"":971,""viewMode"":""site"",""editorOrSite"":""site"",""userFileDomainUrl"":""filesusr.com"",""metaSiteId"":""6d283a29-f2d8-453b-8b0c-f392a02f5257"",""isPremiumDomain"":true,""routersConfig"":{},""routerByPrefix"":{},""pageIdToPrefix"":{},""externalBaseUrl"":""https:\/\/www.acostamfg.com"",""tpaModalConfig"":{""wixTPAs"":{""141fbfae-511e-6817-c9f0-48993a7547d1"":true,""14bca956-e09f-f4d6-14d7-466cb3f09103"":true,""13ee94c1-b635-8505-3391-97919052c16f"":true,""150ae7ee-c74a-eecd-d3d7-2112895b988a"":true,""55cd9036-36bb-480b-8ddc-afda3cb2eb8d"":true,""f123e8f1-4350-4c9b-b269-04adfadda977"":true,""1480c568-5cbd-9392-5604-1148f5faffa0"":true,""14b89688-9b25-5214-d1cb-a3fb9683618b"":true,""135c3d92-0fea-1f9d-2ba5-2a1dfb04297e"":true,""146c0d71-352e-4464-9a03-2e868aabe7b9"":true,""139ef4fa-c108-8f9a-c7be-d5f492a2c939"":true,""e3118e0a-b1c1-4e1d-b67d-ddf0cb92309b"":true,""ee21fe60-48c5-45e9-95f4-6ca8f9b1c9d9"":true,""9bead16f-1c73-4cda-b6c4-28cff46988db"":true,""ea2821fc-7d97-40a9-9f75-772f29178430"":true,""13aa9735-aa50-4bdb-877c-0bb46804bd71"":true,""a322993b-2c74-426f-bbb8-444db73d0d1b"":true,""d70b68e2-8d77-4e0c-9c00-c292d6e0025e"":true,""307ba931-689c-4b55-bb1d-6a382bad9222"":true,""94bc563b-675f-41ad-a2a6-5494f211c47b"":true,""4b10fcce-732d-4be3-9d46-801d271acda9"":true,""8ea9df15-9ff6-4acf-bbb8-8d3a69ae5841"":true,""8725b255-2aa2-4a53-b76d-7d3c363aaeea"":true,""35aec784-bbec-4e6e-abcb-d3d724af52cf"":true,""8d8ba777-9a97-4f63-88da-3d21f7914863"":true,""14e12b04-943e-fd32-456d-70b1820a2ff2"":true,""1973457f-c021-4da5-941f-58444ff761d4"":true,""2f70e2b4-ff36-472e-bdb9-ce393b13669e"":true,""e593b0bd-b783-45b8-97c2-873d42aacaf4"":true,""2a617b40-167a-4325-9a9f-58396cf47b93"":true,""e4b5f1bc-c77a-4319-a60d-a46acb17f6fc"":true,""4e0b3af1-73a5-4482-b1fb-87ca6c18905c"":true,""134139f3-f2a0-2c2c-693c-ed22165cfd84"":true,""14271d6f-ba62-d045-549b-ab972ae1f70e"":true,""14517e1a-3ff0-af98-408e-2bd6953c36a2"":true,""14ce1214-b278-a7e4-1373-00cebd1bef7c"":true,""14409595-f076-4753-8303-9a86f9f71469"":true}},""appSectionParams"":{},""requestUrl"":""https:\/\/www.acostamfg.com\/"",""isMobileView"":false,""isMobileDevice"":false,""deviceType"":""desktop"",""extras"":{""currency"":""USD""},""tpaDebugParams"":{""debugApp"":null,""petri_ovr"":null},""locale"":""en"",""timeZone"":""America\/Los_Angeles"",""shouldRenderTPAsIframe"":true,""debug"":false,""regionalLanguage"":""en"",""isBuilderComponentModel"":false,""fragmentInstanceToPageId"":{}},""widgetWixCodeSdk"":{""isBuilderComponentModel"":false},""windowWixCodeSdk"":{""locale"":""en-us"",""isMobileFriendly"":true,""formFactor"":""Desktop"",""pageIdToRouterAppDefinitionId"":{}},""wixEmbedsApi"":{""isAdminPage"":false},""platform"":{""sdksStaticPaths"":{""mainSdks"":""https:\/\/static.parastorage.com\/services\/wix-thunderbolt\/dist\/mainSdks.0ea35b23.chunk.min.js"",""nonMainSdks"":""https:\/\/static.parastorage.com\/services\/wix-thunderbolt\/dist\/nonMainSdks.572d87d3.chunk.min.js""},""landingPageId"":""c1dmp"",""clientWorkerUrl"":""https:\/\/static.parastorage.com\/services\/wix-thunderbolt\/dist\/clientWorker.e689d007.bundle.min.js"",""bootstrapData"":{""isMobileView"":false,""isMobileAppBuilder"":false,""appsSpecData"":{""2a617b40-167a-4325-9a9f-58396cf47b93"":{""appDefinitionId"":""2a617b40-167a-4325-9a9f-58396cf47b93"",""type"":""public"",""instanceId"":""f5163221-bcbf-4155-8629-4a8dd581c079"",""appDefinitionName"":""Do Not Sell Data "",""isWixTPA"":true,""isIdentityTokenAppSpec"":false,""isModuleFederated"":false},""14271d6f-ba62-d045-549b-ab972ae1f70e"":{""appDefinitionId"":""14271d6f-ba62-d045-549b-ab972ae1f70e"",""type"":""public"",""instanceId"":""4746e752-7da3-4a6e-a54b-84ec6eb74e94"",""appDefinitionName"":""Wix Pro Gallery"",""isWixTPA"":true,""isIdentityTokenAppSpec"":false,""isModuleFederated"":false},""14517e1a-3ff0-af98-408e-2bd6953c36a2"":{""appDefinitionId"":""14517e1a-3ff0-af98-408e-2bd6953c36a2"",""type"":""public"",""instanceId"":""8bc1ce68-8a5a-454d-af48-3fbe85bb20f8"",""appDefinitionName"":""Wix Chat"",""isWixTPA"":true,""isIdentityTokenAppSpec"":false,""isModuleFederated"":false},""14ce1214-b278-a7e4-1373-00cebd1bef7c"":{""appDefinitionId"":""14ce1214-b278-a7e4-1373-00cebd1bef7c"",""type"":""public"",""instanceId"":""dc591e35-cc5d-42e2-a54e-6ff2b139d051"",""appDefinitionName"":""Old Wix Forms and Payments"",""isWixTPA"":true,""isIdentityTokenAppSpec"":false,""isModuleFederated"":false},""675bbcef-18d8-41f5-800e-131ec9e08762"":{""appDefinitionId"":""675bbcef-18d8-41f5-800e-131ec9e08762"",""type"":""siteextension"",""instanceId"":""a508acc1-90b7-41f4-9446-43926e8b28ae"",""isIdentityTokenAppSpec"":false,""isModuleFederated"":false},""14409595-f076-4753-8303-9a86f9f71469"":{""appDefinitionId"":""14409595-f076-4753-8303-9a86f9f71469"",""type"":""public"",""instanceId"":""97c6d8d5-4f6f-4ad3-89ec-fb42ea357ff4"",""appDefinitionName"":""Wix Video"",""isWixTPA"":true,""isIdentityTokenAppSpec"":false,""isModuleFederated"":false},""dataBinding"":{""appDefinitionId"":""dataBinding"",""type"":""application"",""instanceId"":""a508acc1-90b7-41f4-9446-43926e8b28ae"",""appDefinitionName"":""Data Binding"",""isWixTPA"":true,""isIdentityTokenAppSpec"":false,""isModuleFederated"":false}},""appsUrlData"":{""2a617b40-167a-4325-9a9f-58396cf47b93"":{""appDefId"":""2a617b40-167a-4325-9a9f-58396cf47b93"",""appDefName"":""Do Not Sell Data "",""viewerScriptUrl"":""https:\/\/static.parastorage.com\/services\/cookie-consent-ccpa-link\/1.155.0\/viewerScript.bundle.min.js"",""baseUrls"":{""staticsBaseUrl"":""https:\/\/static.parastorage.com\/services\/cookie-consent-ccpa-link\/1.155.0"",""staticsEditorBaseUrl"":""https:\/\/static.parastorage.com\/services\/cookie-consent-ccpa-link\/1.155.0""},""widgets"":{""d925427a-dc06-43f5-ad13-ae1f692f0feb"":{""controllerUrl"":"""",""componentUrl"":""https:\/\/static.parastorage.com\/services\/cookie-consent-ccpa-link\/1.155.0\/DoNotSellMyDataViewerWidget.bundle.min.js"",""noCssComponentUrl"":"""",""widgetId"":""d925427a-dc06-43f5-ad13-ae1f692f0feb""}}},""14517e1a-3ff0-af98-408e-2bd6953c36a2"":{""appDefId"":""14517e1a-3ff0-af98-408e-2bd6953c36a2"",""appDefName"":""Wix Chat"",""viewerScriptUrl"":""https:\/\/static.parastorage.com\/services\/chat); financing offered: no; 24/7 or emergency service: no",
127,https://baselinemechanical.com,Checking your browser...,NEEDS_REVIEW,,,,,"Page couldn't be read (bot check, or almost no text) — check by hand"
128,https://serviceresponseteam.com,Home | Service Response Team,ok,The website does not include any prices for their plumbing and HVAC services.,"Without visible pricing, potential customers may be hesitant to inquire further about services or may perceive a lack of transparency. This can lead to fewer conversions from visitors to clients.",We would implement a clear pricing structure on the website to facilitate customer decision-making.,online booking / scheduling: yes (Get a Quote); phone number visible: yes; contact form: no; prices shown ($ amounts): no; reviews or testimonials on site: no; live chat / text widget: no; financing offered: no; 24/7 or emergency service: yes,
129,https://dynamic-hvac.com,Dynamic HVAC LLC | Home,ok,Dynamic HVAC LLC does not provide an online booking system for scheduling their HVAC services.,"Potential customers may hesitate to reach out for service due to the inconvenience of having to call, which can lead to lost business opportunities. This lack of online booking can result in a slower response time and difficulty in managing customer appointments.",Implement an online booking flow to streamline appointment scheduling for customers.,online booking / scheduling: no; phone number visible: yes; contact form: no; prices shown ($ amounts): no; reviews or testimonials on site: yes; live chat / text widget: no; financing offered: no; 24/7 or emergency service: no,
130,https://goldkeyroofing.com,Central Florida Roofing Contractor | Gold Key Roofing,ok,Gold Key Roofing does not provide any prices for their roofing services on their website.,"Potential customers may hesitate to request an estimate if they are unsure of the costs involved, which could lead to fewer inquiries. This lack of transparency might give the impression of unpredictability in pricing.",Create a clear pricing page or provide price ranges for common services to enhance transparency and assist potential customers in their decision-making.,online booking / scheduling: no; phone number visible: yes; contact form: yes; prices shown ($ amounts): no; reviews or testimonials on site: no; live chat / text widget: yes (webchat); financing offered: yes; 24/7 or emergency service: yes,
131,https://rembrandtroofing.com,"Rembrandt Roofing & Restoration I Roofing Contractor Dayton, OH",ok,Rembrandt Roofing & Restoration does not have a contact form on their website for customers to inquire about services.,"Without a contact form, potential customers may find it inconvenient to reach out with questions, potentially leading to lost inquiries and opportunities. This could deter individuals looking for roofing services from engaging with the business.",Implement a contact form on the website to facilitate easier communication for prospective customers.,online booking / scheduling: yes (Get Free Estimate); phone number visible: yes; contact form: no; prices shown ($ amounts): yes; reviews or testimonials on site: yes; live chat / text widget: yes (chat-widget); financing offered: yes; 24/7 or emergency service: yes,
132,https://capitaldenver.com,"Roofing Company Lakewood, CO | Capital Roofing & Restoration",ok,The website does not display any prices for its roofing and restoration services.,"Potential customers may hesitate to contact the business without knowing the costs associated with their projects, leading to fewer inquiries and bookings.",Implement a detailed service and pricing page on the website to provide transparency and facilitate decision-making for clients.,online booking / scheduling: yes (calendly); phone number visible: yes; contact form: no; prices shown ($ amounts): no; reviews or testimonials on site: yes; live chat / text widget: no; financing offered: yes; 24/7 or emergency service: yes,
133,https://localplumberhvac.com,"AC Replacement Greer, SC | Local Plumber and HVAC",ok,Local Plumber and HVAC offers 24-hour emergency plumbing and HVAC services with no emergency service fee.,"This ensures that customers can access help at any time without incurring additional costs during emergencies, enhancing their peace of mind. Potential customers may feel more inclined to choose this service knowing they won’t pay extra fees for urgent needs.",Highlight and promote these emergency service features more prominently on the website and in local SEO strategies.,online booking / scheduling: yes (Request Appointment); phone number visible: yes; contact form: yes; prices shown ($ amounts): yes; reviews or testimonials on site: yes; live chat / text widget: no; financing offered: yes; 24/7 or emergency service: yes,
134,https://alpineroofingpro.com,Checking your browser...,NEEDS_REVIEW,,,,,"Page couldn't be read (bot check, or almost no text) — check by hand"
135,https://solvistaroofing.com,Checking your browser...,NEEDS_REVIEW,,,,,"Page couldn't be read (bot check, or almost no text) — check by hand"